cohort,country,role,backbone,seed,n,n_pdr,auc,balanced_accuracy,sensitivity,specificity,est_ALine-D,est_ALine-S,est_DoC,est_ATC
In-house held-out test (anchor),China,anchor,DINOv2,0,140,11,0.8964,0.6547,0.3636,0.9457,,,,
In-house held-out test (anchor),China,anchor,DINOv2,1,140,11,0.9035,0.7755,0.6364,0.9147,,,,
In-house held-out test (anchor),China,anchor,DINOv2,2,140,11,0.9401,0.8925,0.9091,0.876,,,,
In-house held-out test (anchor),China,anchor,DINOv2,3,140,11,0.8992,0.6885,0.4545,0.9225,,,,
In-house held-out test (anchor),China,anchor,DINOv2,4,140,11,0.914,0.821,0.7273,0.9147,,,,
In-house held-out test (anchor),China,anchor,RETFound,0,140,11,0.9063,0.8171,0.7273,0.907,,,,
In-house held-out test (anchor),China,anchor,RETFound,1,140,11,0.926,0.8693,0.9091,0.8295,,,,
In-house held-out test (anchor),China,anchor,RETFound,2,140,11,0.9084,0.7745,0.7273,0.8217,,,,
In-house held-out test (anchor),China,anchor,RETFound,3,140,11,0.8654,0.7407,0.6364,0.845,,,,
In-house held-out test (anchor),China,anchor,RETFound,4,140,11,0.9133,0.8094,0.7273,0.8915,,,,
DDR,China,external target,DINOv2,0,550,275,0.9234,0.5891,0.1855,0.9927,0.5841,0.7234,0.6409,0.5782
DDR,China,external target,DINOv2,1,550,275,0.9326,0.76,0.5345,0.9855,0.7292,0.7725,0.781,0.7618
DDR,China,external target,DINOv2,2,550,275,0.93,0.7527,0.5418,0.9636,0.8345,0.83,0.8846,0.8836
DDR,China,external target,DINOv2,3,550,275,0.9239,0.7055,0.4218,0.9891,0.6512,0.7366,0.679,0.66
DDR,China,external target,DINOv2,4,550,275,0.9212,0.7436,0.5164,0.9709,0.7625,0.7929,0.8146,0.8018
DDR,China,external target,RETFound,0,550,275,0.6496,0.5091,0.0218,0.9964,0.6969,0.7911,0.9833,0.9782
DDR,China,external target,RETFound,1,550,275,0.8907,0.7909,0.7055,0.8764,0.7505,0.817,0.8622,0.8673
DDR,China,external target,RETFound,2,550,275,0.9078,0.7582,0.5455,0.9709,0.7527,0.772,0.7684,0.7782
DDR,China,external target,RETFound,3,550,275,0.8064,0.5727,0.1709,0.9745,0.6932,0.7577,0.7278,0.6582
DDR,China,external target,RETFound,4,550,275,0.8579,0.7109,0.4473,0.9745,0.7642,0.7875,0.8181,0.8473
JSIEC,China,external target,DINOv2,0,78,39,0.9632,0.8077,0.641,0.9744,0.6115,0.6051,0.6078,0.4872
JSIEC,China,external target,DINOv2,1,78,39,0.9717,0.8974,0.8205,0.9744,0.7172,0.7214,0.8006,0.8718
JSIEC,China,external target,DINOv2,2,78,39,0.9513,0.7949,0.6154,0.9744,0.855,0.8457,0.8981,0.9231
JSIEC,China,external target,DINOv2,3,78,39,0.9724,0.859,0.7179,1.0,0.6564,0.6368,0.6852,0.6795
JSIEC,China,external target,DINOv2,4,78,39,0.9671,0.8333,0.6667,1.0,0.7689,0.7678,0.8144,0.8333
JSIEC,China,external target,RETFound,0,78,39,0.7367,0.5385,0.0769,1.0,0.6416,0.7638,0.8301,0.9487
JSIEC,China,external target,RETFound,1,78,39,0.8797,0.7692,0.5897,0.9487,0.8242,0.8195,0.8773,0.9231
JSIEC,China,external target,RETFound,2,78,39,0.954,0.8974,0.7949,1.0,0.7659,0.7204,0.7644,0.7692
JSIEC,China,external target,RETFound,3,78,39,0.7903,0.5897,0.1795,1.0,0.6317,0.687,0.7166,0.6923
JSIEC,China,external target,RETFound,4,78,39,0.9691,0.8846,0.7692,1.0,0.775,0.7558,0.7921,0.7821
DeepDRiD,China,external target,DINOv2,0,184,92,0.8386,0.5707,0.1413,1.0,0.6377,0.7707,0.6593,0.5978
DeepDRiD,China,external target,DINOv2,1,184,92,0.8616,0.6848,0.3804,0.9891,0.7501,0.8115,0.7702,0.6739
DeepDRiD,China,external target,DINOv2,2,184,92,0.8563,0.6848,0.3913,0.9783,0.8514,0.8587,0.8926,0.9185
DeepDRiD,China,external target,DINOv2,3,184,92,0.797,0.5924,0.2065,0.9783,0.6768,0.7817,0.6884,0.6467
DeepDRiD,China,external target,DINOv2,4,184,92,0.8391,0.6467,0.337,0.9565,0.7733,0.8283,0.8162,0.8043
DeepDRiD,China,external target,RETFound,0,184,92,0.4252,0.5,0.0,1.0,0.7692,0.8268,0.9844,0.9946
DeepDRiD,China,external target,RETFound,1,184,92,0.8214,0.75,0.6413,0.8587,0.6988,0.848,0.822,0.75
DeepDRiD,China,external target,RETFound,2,184,92,0.8111,0.7011,0.413,0.9891,0.7615,0.8111,0.7536,0.7011
DeepDRiD,China,external target,RETFound,3,184,92,0.7412,0.5217,0.0543,0.9891,0.7477,0.7993,0.7132,0.7174
DeepDRiD,China,external target,RETFound,4,184,92,0.7864,0.5543,0.1087,1.0,0.792,0.8238,0.8291,0.8533
APTOS,India,external target,DINOv2,0,590,295,0.6957,0.5508,0.122,0.9797,0.662,0.7873,0.6402,0.5695
APTOS,India,external target,DINOv2,1,590,295,0.6683,0.5678,0.2237,0.9119,0.7725,0.8333,0.785,0.7864
APTOS,India,external target,DINOv2,2,590,295,0.69,0.5915,0.261,0.922,0.8749,0.8841,0.8838,0.8932
APTOS,India,external target,DINOv2,3,590,295,0.6731,0.5746,0.2068,0.9424,0.7001,0.7999,0.6849,0.6881
APTOS,India,external target,DINOv2,4,590,295,0.7007,0.5932,0.2644,0.922,0.7999,0.8517,0.8139,0.8085
APTOS,India,external target,RETFound,0,590,295,0.519,0.5017,0.0034,1.0,0.7898,0.8501,0.9081,0.9898
APTOS,India,external target,RETFound,1,590,295,0.6695,0.6034,0.3051,0.9017,0.8492,0.8729,0.8623,0.878
APTOS,India,external target,RETFound,2,590,295,0.6926,0.5966,0.2339,0.9593,0.8177,0.8328,0.7677,0.7492
APTOS,India,external target,RETFound,3,590,295,0.604,0.5407,0.1661,0.9153,0.6995,0.8197,0.7072,0.6525
APTOS,India,external target,RETFound,4,590,295,0.6803,0.5814,0.2136,0.9492,0.8206,0.8469,0.808,0.8203
IDRiD,India,external target,DINOv2,0,128,64,0.746,0.6172,0.2656,0.9688,0.6206,0.7691,0.627,0.5391
IDRiD,India,external target,DINOv2,1,128,64,0.7727,0.6484,0.3281,0.9688,0.7566,0.7971,0.7839,0.7969
IDRiD,India,external target,DINOv2,2,128,64,0.7935,0.6875,0.4062,0.9688,0.8446,0.8314,0.8581,0.8359
IDRiD,India,external target,DINOv2,3,128,64,0.7581,0.6172,0.2656,0.9688,0.6582,0.7766,0.681,0.6328
IDRiD,India,external target,DINOv2,4,128,64,0.7811,0.6719,0.4531,0.8906,0.7087,0.809,0.8054,0.7891
IDRiD,India,external target,RETFound,0,128,64,0.6022,0.5,0.0,1.0,0.7117,0.808,1.015,1.0
IDRiD,India,external target,RETFound,1,128,64,0.7804,0.7578,0.7656,0.75,0.6312,0.8234,0.8443,0.8047
IDRiD,India,external target,RETFound,2,128,64,0.7621,0.6328,0.3125,0.9531,0.7704,0.7968,0.7773,0.8047
IDRiD,India,external target,RETFound,3,128,64,0.7588,0.5469,0.125,0.9688,0.7202,0.7886,0.7165,0.7266
IDRiD,India,external target,RETFound,4,128,64,0.7292,0.6641,0.4062,0.9219,0.7576,0.8059,0.7863,0.7188
Messidor-2,France,external target,DINOv2,0,70,35,0.8245,0.5,0.0,1.0,0.7507,1.0,0.7053,0.8571
Messidor-2,France,external target,DINOv2,1,70,35,0.7424,0.5,0.0,1.0,0.8763,0.9999,0.8165,0.9429
Messidor-2,France,external target,DINOv2,2,70,35,0.8318,0.5,0.0,1.0,0.9886,0.9993,0.966,1.0
Messidor-2,France,external target,DINOv2,3,70,35,0.6837,0.5143,0.0286,1.0,0.7718,1.0,0.7106,0.9429
Messidor-2,France,external target,DINOv2,4,70,35,0.8408,0.5143,0.0286,1.0,0.89,0.9998,0.8507,0.9286
Messidor-2,France,external target,RETFound,0,70,35,0.5714,0.5,0.0,1.0,0.9147,0.9998,1.0464,1.0
Messidor-2,France,external target,RETFound,1,70,35,0.8106,0.6,0.2286,0.9714,0.8605,0.9995,0.876,0.9143
Messidor-2,France,external target,RETFound,2,70,35,0.5629,0.5,0.0,1.0,0.9023,0.9999,0.8086,0.9714
Messidor-2,France,external target,RETFound,3,70,35,0.8571,0.5,0.0,1.0,0.8764,0.9999,0.8511,1.0
Messidor-2,France,external target,RETFound,4,70,35,0.5824,0.5,0.0,1.0,0.9086,0.9998,0.8583,0.9857
EyePACS,USA,external target,DINOv2,0,1416,708,0.8002,0.5247,0.0508,0.9986,0.7014,0.8984,0.6835,0.7606
EyePACS,USA,external target,DINOv2,1,1416,708,0.7722,0.5494,0.1144,0.9845,0.8223,0.9107,0.7976,0.8588
EyePACS,USA,external target,DINOv2,2,1416,708,0.8078,0.5953,0.2218,0.9689,0.9046,0.9253,0.9134,0.9195
EyePACS,USA,external target,DINOv2,3,1416,708,0.7586,0.5424,0.0918,0.9929,0.7325,0.9017,0.6951,0.815
EyePACS,USA,external target,DINOv2,4,1416,708,0.7996,0.5749,0.1822,0.9675,0.8289,0.9158,0.827,0.8623
EyePACS,USA,external target,RETFound,0,1416,708,0.5453,0.5,0.0,1.0,0.8587,0.9153,1.0175,1.0
EyePACS,USA,external target,RETFound,1,1416,708,0.7244,0.6229,0.2938,0.952,0.8499,0.9219,0.8584,0.8672
EyePACS,USA,external target,RETFound,2,1416,708,0.6674,0.5275,0.0636,0.9915,0.8515,0.9105,0.7919,0.8771
EyePACS,USA,external target,RETFound,3,1416,708,0.6389,0.5282,0.089,0.9675,0.8082,0.907,0.7017,0.548
EyePACS,USA,external target,RETFound,4,1416,708,0.6041,0.5184,0.0381,0.9986,0.8564,0.9144,0.8285,0.8616
