image,ddr_grade,label
007-6961-400.jpg,4,PDR
007-6962-400.jpg,4,PDR
007-6963-400.jpg,4,PDR
007-6964-400.jpg,4,PDR
007-6965-400.jpg,4,PDR
007-6966-400.jpg,4,PDR
007-6967-400.jpg,4,PDR
007-6968-400.jpg,4,PDR
007-6969-400.jpg,4,PDR
007-6970-400.jpg,4,PDR
007-6971-400.jpg,4,PDR
007-6972-400.jpg,4,PDR
007-6973-400.jpg,4,PDR
007-6974-400.jpg,4,PDR
007-6975-400.jpg,4,PDR
007-6976-400.jpg,4,PDR
007-6977-400.jpg,4,PDR
007-6978-400.jpg,4,PDR
007-6979-400.jpg,4,PDR
007-6980-400.jpg,4,PDR
007-6981-400.jpg,4,PDR
007-6982-400.jpg,4,PDR
007-6983-400.jpg,4,PDR
007-6984-400.jpg,4,PDR
007-6985-400.jpg,4,PDR
007-6986-400.jpg,4,PDR
007-6987-400.jpg,4,PDR
007-6988-400.jpg,4,PDR
007-6989-400.jpg,4,PDR
007-6990-400.jpg,4,PDR
007-6991-400.jpg,4,PDR
007-6992-400.jpg,4,PDR
007-6993-400.jpg,4,PDR
007-6994-400.jpg,4,PDR
007-6995-400.jpg,4,PDR
007-6997-400.jpg,4,PDR
007-6998-400.jpg,4,PDR
007-6999-400.jpg,4,PDR
007-7000-400.jpg,4,PDR
007-7001-400.jpg,4,PDR
007-7002-400.jpg,4,PDR
007-7003-400.jpg,4,PDR
007-7004-400.jpg,4,PDR
007-7005-400.jpg,4,PDR
007-7006-400.jpg,4,PDR
007-7007-400.jpg,4,PDR
007-7008-400.jpg,4,PDR
007-7009-400.jpg,4,PDR
007-7010-400.jpg,4,PDR
007-7011-400.jpg,4,PDR
007-7013-400.jpg,4,PDR
007-7014-400.jpg,4,PDR
007-7015-400.jpg,4,PDR
007-7016-400.jpg,4,PDR
007-7017-400.jpg,4,PDR
007-7018-400.jpg,4,PDR
007-7019-400.jpg,4,PDR
007-7020-400.jpg,4,PDR
007-7021-400.jpg,4,PDR
007-7022-400.jpg,4,PDR
007-7023-400.jpg,4,PDR
007-7024-400.jpg,4,PDR
007-7025-400.jpg,4,PDR
007-7026-400.jpg,4,PDR
007-7027-400.jpg,4,PDR
007-7028-400.jpg,4,PDR
007-7029-400.jpg,4,PDR
007-7030-400.jpg,4,PDR
007-7031-400.jpg,4,PDR
007-7032-400.jpg,4,PDR
007-7033-400.jpg,4,PDR
007-7034-400.jpg,4,PDR
007-7035-400.jpg,4,PDR
007-7036-400.jpg,4,PDR
007-7037-400.jpg,4,PDR
007-7038-400.jpg,4,PDR
007-7039-400.jpg,4,PDR
007-7040-400.jpg,4,PDR
007-7041-400.jpg,4,PDR
007-7042-400.jpg,4,PDR
007-7043-400.jpg,4,PDR
007-7044-400.jpg,4,PDR
007-7045-400.jpg,4,PDR
007-7046-400.jpg,4,PDR
007-7047-400.jpg,4,PDR
007-7048-400.jpg,4,PDR
007-7049-400.jpg,4,PDR
007-7050-400.jpg,4,PDR
007-7052-400.jpg,4,PDR
007-7055-400.jpg,4,PDR
007-7056-400.jpg,4,PDR
007-7058-400.jpg,4,PDR
007-7059-400.jpg,4,PDR
007-7060-400.jpg,4,PDR
007-7061-400.jpg,4,PDR
007-7100-400.jpg,4,PDR
007-7102-400.jpg,4,PDR
007-7103-400.jpg,4,PDR
007-7104-400.jpg,4,PDR
007-7105-400.jpg,4,PDR
007-7106-400.jpg,4,PDR
007-7107-400.jpg,4,PDR
007-7108-400.jpg,4,PDR
007-7109-400.jpg,4,PDR
007-7110-400.jpg,4,PDR
007-7111-400.jpg,4,PDR
007-7112-400.jpg,4,PDR
007-7113-400.jpg,4,PDR
007-7114-400.jpg,4,PDR
007-7115-400.jpg,4,PDR
007-7116-400.jpg,4,PDR
007-7117-400.jpg,4,PDR
007-7118-400.jpg,4,PDR
007-7119-400.jpg,4,PDR
007-7120-400.jpg,4,PDR
007-7121-400.jpg,4,PDR
007-7122-400.jpg,4,PDR
007-7123-400.jpg,4,PDR
007-7124-400.jpg,4,PDR
007-7125-400.jpg,4,PDR
007-7126-400.jpg,4,PDR
007-7127-400.jpg,4,PDR
007-7128-400.jpg,4,PDR
007-7129-400.jpg,4,PDR
007-7130-400.jpg,4,PDR
007-7131-400.jpg,4,PDR
007-7132-400.jpg,4,PDR
007-7133-400.jpg,4,PDR
007-7134-400.jpg,4,PDR
007-7135-400.jpg,4,PDR
007-7136-400.jpg,4,PDR
007-7137-400.jpg,4,PDR
007-7138-400.jpg,4,PDR
007-7139-400.jpg,4,PDR
007-7140-400.jpg,4,PDR
007-7141-400.jpg,4,PDR
007-7142-400.jpg,4,PDR
007-7143-400.jpg,4,PDR
007-7144-400.jpg,4,PDR
007-7145-400.jpg,4,PDR
007-7146-400.jpg,4,PDR
007-7147-400.jpg,4,PDR
007-7148-400.jpg,4,PDR
007-7149-400.jpg,4,PDR
007-7150-400.jpg,4,PDR
007-7151-400.jpg,4,PDR
007-7152-400.jpg,4,PDR
007-7153-400.jpg,4,PDR
007-7154-400.jpg,4,PDR
007-7155-400.jpg,4,PDR
007-7156-400.jpg,4,PDR
007-7157-400.jpg,4,PDR
007-7158-400.jpg,4,PDR
007-7159-400.jpg,4,PDR
007-7160-400.jpg,4,PDR
007-7161-400.jpg,4,PDR
007-7162-400.jpg,4,PDR
007-7163-400.jpg,4,PDR
007-7164-400.jpg,4,PDR
007-7165-400.jpg,4,PDR
007-7166-400.jpg,4,PDR
007-7167-400.jpg,4,PDR
007-7168-400.jpg,4,PDR
007-7169-400.jpg,4,PDR
007-7170-400.jpg,4,PDR
007-7171-400.jpg,4,PDR
007-7172-400.jpg,4,PDR
007-7173-400.jpg,4,PDR
007-7174-400.jpg,4,PDR
007-7175-400.jpg,4,PDR
007-7176-400.jpg,4,PDR
007-7177-400.jpg,4,PDR
007-7178-400.jpg,4,PDR
007-7179-400.jpg,4,PDR
007-7180-400.jpg,4,PDR
007-7181-400.jpg,4,PDR
007-7182-400.jpg,4,PDR
007-7183-400.jpg,4,PDR
007-7184-400.jpg,4,PDR
007-7185-400.jpg,4,PDR
007-7186-400.jpg,4,PDR
007-7187-400.jpg,4,PDR
007-7188-400.jpg,4,PDR
007-7189-400.jpg,4,PDR
007-7190-400.jpg,4,PDR
007-7191-400.jpg,4,PDR
007-7192-400.jpg,4,PDR
007-7193-400.jpg,4,PDR
007-7194-400.jpg,4,PDR
007-7195-400.jpg,4,PDR
007-7196-400.jpg,4,PDR
007-7197-400.jpg,4,PDR
007-7198-400.jpg,4,PDR
007-7199-400.jpg,4,PDR
007-7202-400.jpg,4,PDR
007-7203-400.jpg,4,PDR
007-7205-400.jpg,4,PDR
007-7206-400.jpg,4,PDR
007-7207-400.jpg,4,PDR
007-7208-400.jpg,4,PDR
007-7209-400.jpg,4,PDR
007-7210-400.jpg,4,PDR
007-7211-400.jpg,4,PDR
007-7212-400.jpg,4,PDR
007-7213-400.jpg,4,PDR
007-7214-400.jpg,4,PDR
007-7215-400.jpg,4,PDR
007-7216-400.jpg,4,PDR
007-7217-400.jpg,4,PDR
007-7218-400.jpg,4,PDR
007-7219-400.jpg,4,PDR
007-7220-400.jpg,4,PDR
007-7221-400.jpg,4,PDR
007-7222-400.jpg,4,PDR
007-7223-400.jpg,4,PDR
007-7224-400.jpg,4,PDR
007-7225-400.jpg,4,PDR
007-7226-400.jpg,4,PDR
007-7227-400.jpg,4,PDR
007-7229-400.jpg,4,PDR
007-7230-400.jpg,4,PDR
007-7231-400.jpg,4,PDR
007-7232-400.jpg,4,PDR
007-7233-400.jpg,4,PDR
007-7234-400.jpg,4,PDR
007-7235-400.jpg,4,PDR
007-7236-400.jpg,4,PDR
007-7237-400.jpg,4,PDR
007-7238-400.jpg,4,PDR
007-7239-400.jpg,4,PDR
007-7240-400.jpg,4,PDR
007-7241-400.jpg,4,PDR
007-7242-400.jpg,4,PDR
007-7243-400.jpg,4,PDR
007-7244-400.jpg,4,PDR
007-7245-400.jpg,4,PDR
007-7246-400.jpg,4,PDR
007-7247-400.jpg,4,PDR
007-7248-400.jpg,4,PDR
007-7249-400.jpg,4,PDR
007-7250-400.jpg,4,PDR
007-7251-400.jpg,4,PDR
007-7252-400.jpg,4,PDR
007-7253-400.jpg,4,PDR
007-7254-400.jpg,4,PDR
007-7255-400.jpg,4,PDR
007-7256-400.jpg,4,PDR
007-7257-400.jpg,4,PDR
007-7258-400.jpg,4,PDR
007-7259-400.jpg,4,PDR
007-7260-400.jpg,4,PDR
007-7261-400.jpg,4,PDR
007-7262-400.jpg,4,PDR
007-7263-400.jpg,4,PDR
007-7264-400.jpg,4,PDR
007-7265-400.jpg,4,PDR
007-7266-400.jpg,4,PDR
007-7267-400.jpg,4,PDR
007-7283-601.jpg,4,PDR
007-7560-601.jpg,4,PDR
007-7561-601.jpg,4,PDR
007-7568-601.jpg,4,PDR
007-7581-601.jpg,4,PDR
007-7683-601.jpg,4,PDR
007-7763-601.jpg,4,PDR
007-7831-601.jpg,4,PDR
007-8527-604.jpg,4,PDR
007-8689-605.jpg,4,PDR
007-8728-605.jpg,4,PDR
007-8805-605.jpg,4,PDR
007-8809-605.jpg,4,PDR
007-8820-605.jpg,4,PDR
007-8842-605.jpg,4,PDR
007-8859-605.jpg,4,PDR
20170514222317943.jpg,4,PDR
20170521102316532.jpg,2,NPDR
20170521093537739.jpg,2,NPDR
20170508222445492.jpg,2,NPDR
007-3169-100.jpg,1,NPDR
20170515172948707.jpg,2,NPDR
20170615112649677.jpg,2,NPDR
007-6234-300.jpg,2,NPDR
20170627195804056.jpg,2,NPDR
20170517172209323.jpg,2,NPDR
007-7573-601.jpg,2,NPDR
007-6190-300.jpg,2,NPDR
007-7952-601.jpg,2,NPDR
20170511113811780.jpg,2,NPDR
20170509163628989.jpg,2,NPDR
007-8407-603.jpg,2,NPDR
20170607085936158.jpg,2,NPDR
20170616125321132.jpg,1,NPDR
20170602085131467.jpg,2,NPDR
007-6086-300.jpg,2,NPDR
007-8456-603.jpg,2,NPDR
007-6178-300.jpg,2,NPDR
007-3242-100.jpg,1,NPDR
20170502092651558.jpg,2,NPDR
20170510084311756.jpg,2,NPDR
007-7498-601.jpg,2,NPDR
20170618112704744.jpg,2,NPDR
007-6138-300.jpg,2,NPDR
007-3096-100.jpg,1,NPDR
20170628084907615.jpg,2,NPDR
007-3245-100.jpg,1,NPDR
007-8852-605.jpg,2,NPDR
007-6185-300.jpg,2,NPDR
20170608153147229.jpg,2,NPDR
20170511164336476.jpg,2,NPDR
007-2986-100.jpg,1,NPDR
007-7352-601.jpg,2,NPDR
007-3036-100.jpg,1,NPDR
20170608194347632.jpg,2,NPDR
20170504165902335.jpg,2,NPDR
20170608114025106.jpg,2,NPDR
007-6180-300.jpg,2,NPDR
20170502095138326.jpg,2,NPDR
20170608154225606.jpg,2,NPDR
20170505100940129.jpg,2,NPDR
20170626145830231.jpg,2,NPDR
20170506084439766.jpg,2,NPDR
20170609165633187.jpg,2,NPDR
20170522172835446.jpg,2,NPDR
20170517105302723.jpg,2,NPDR
007-5985-300.jpg,2,NPDR
007-6173-300.jpg,2,NPDR
20170627104123555.jpg,2,NPDR
007-3212-100.jpg,1,NPDR
20170612163235784.jpg,2,NPDR
20170621151923199.jpg,2,NPDR
007-6237-300.jpg,2,NPDR
20170601084241159.jpg,2,NPDR
007-3101-100.jpg,1,NPDR
20170621163946605.jpg,2,NPDR
007-2834-100.jpg,1,NPDR
007-8039-601.jpg,2,NPDR
20170611091117657.jpg,2,NPDR
007-6171-300.jpg,2,NPDR
20170523085431841.jpg,2,NPDR
20170621094919972.jpg,2,NPDR
007-8321-602.jpg,2,NPDR
20170612162850921.jpg,2,NPDR
007-6053-300.jpg,2,NPDR
20170607110412679.jpg,2,NPDR
007-2885-100.jpg,1,NPDR
20170501232823085.jpg,2,NPDR
007-6102-300.jpg,3,NPDR
20170504094058352.jpg,2,NPDR
20170612085457865.jpg,2,NPDR
20170621144139026.jpg,2,NPDR
20170629093110828.jpg,2,NPDR
20170614163103403.jpg,2,NPDR
20170522165315963.jpg,2,NPDR
20170508105008458.jpg,2,NPDR
20170504113211152.jpg,2,NPDR
20170614152351572.jpg,2,NPDR
20170611090415806.jpg,2,NPDR
20170518111418648.jpg,2,NPDR
20170608105641569.jpg,3,NPDR
20170502084858430.jpg,2,NPDR
007-5979-300.jpg,2,NPDR
20170608152446688.jpg,2,NPDR
20170625202046477.jpg,1,NPDR
007-7856-601.jpg,2,NPDR
20170622165648655.jpg,2,NPDR
20170506090019590.jpg,2,NPDR
007-2890-100.jpg,1,NPDR
007-6259-300.jpg,2,NPDR
007-6172-300.jpg,2,NPDR
20170524161859109.jpg,2,NPDR
007-3100-100.jpg,1,NPDR
007-2936-100.jpg,1,NPDR
20170608091627445.jpg,2,NPDR
007-6607-400.jpg,3,NPDR
007-5989-300.jpg,2,NPDR
20170524181209695.jpg,2,NPDR
20170623150218158.jpg,2,NPDR
20170615145539585.jpg,1,NPDR
20170602090325676.jpg,2,NPDR
20170626162141277.jpg,2,NPDR
20170508102511803.jpg,2,NPDR
20170609152303463.jpg,1,NPDR
20170618200550477.jpg,2,NPDR
007-6196-300.jpg,2,NPDR
007-8389-603.jpg,2,NPDR
007-8304-602.jpg,2,NPDR
007-6733-400.jpg,2,NPDR
007-5967-300.jpg,2,NPDR
007-3237-100.jpg,1,NPDR
20170516105337859.jpg,2,NPDR
20170517151003748.jpg,2,NPDR
20170502095044024.jpg,2,NPDR
007-2831-100.jpg,1,NPDR
20170618221203188.jpg,2,NPDR
007-6192-300.jpg,2,NPDR
20170527082328968.jpg,2,NPDR
20170511173525601.jpg,2,NPDR
20170622094954398.jpg,2,NPDR
007-2945-100.jpg,1,NPDR
20170608195844549.jpg,2,NPDR
20170523093258225.jpg,2,NPDR
007-6202-300.jpg,2,NPDR
20170510082538687.jpg,1,NPDR
20170619085859977.jpg,2,NPDR
007-2859-100.jpg,1,NPDR
007-3120-100.jpg,1,NPDR
20170506090015091.jpg,2,NPDR
20170517153223360.jpg,2,NPDR
007-3068-100.jpg,1,NPDR
20170531165149058.jpg,2,NPDR
007-7870-601.jpg,2,NPDR
20170605153241003.jpg,1,NPDR
007-6051-300.jpg,2,NPDR
20170601164355691.jpg,2,NPDR
20170629112226249.jpg,2,NPDR
20170601160745959.jpg,3,NPDR
20170522113746982.jpg,2,NPDR
20170511083029837.jpg,2,NPDR
20170609151840685.jpg,2,NPDR
20170626162707159.jpg,2,NPDR
20170629093242315.jpg,2,NPDR
007-6149-300.jpg,2,NPDR
20170506145800094.jpg,2,NPDR
007-8005-601.jpg,2,NPDR
20170512131430223.jpg,2,NPDR
20170614094320129.jpg,2,NPDR
20170502140921479.jpg,2,NPDR
007-5976-300.jpg,2,NPDR
007-6079-300.jpg,2,NPDR
007-6121-300.jpg,2,NPDR
007-6251-300.jpg,2,NPDR
20170512114321485.jpg,2,NPDR
007-6211-300.jpg,2,NPDR
007-6097-300.jpg,2,NPDR
007-3146-100.jpg,1,NPDR
007-6130-300.jpg,2,NPDR
20170524105439342.jpg,2,NPDR
20170612141756744.jpg,2,NPDR
20170501234659104.jpg,2,NPDR
20170524111318149.jpg,2,NPDR
007-6137-300.jpg,2,NPDR
20170608171337567.jpg,2,NPDR
007-3238-100.jpg,1,NPDR
20170630124252705.jpg,2,NPDR
20170626102904460.jpg,2,NPDR
20170613165746020.jpg,2,NPDR
007-6400-400.jpg,2,NPDR
20170601084514660.jpg,2,NPDR
20170629152907028.jpg,2,NPDR
007-6098-300.jpg,2,NPDR
20170619152223858.jpg,2,NPDR
20170522090404675.jpg,2,NPDR
20170629093129101.jpg,2,NPDR
007-6157-300.jpg,2,NPDR
20170611092920726.jpg,2,NPDR
007-8400-603.jpg,2,NPDR
20170608133136376.jpg,2,NPDR
20170626083942052.jpg,2,NPDR
20170612085458211.jpg,2,NPDR
20170507222419171.jpg,3,NPDR
20170621165342675.jpg,2,NPDR
20170512225813757.jpg,2,NPDR
20170612144725880.jpg,2,NPDR
20170521094743135.jpg,2,NPDR
20170629093242135.jpg,2,NPDR
007-6047-300.jpg,2,NPDR
20170512230427333.jpg,2,NPDR
20170612114622857.jpg,2,NPDR
20170628114825603.jpg,2,NPDR
20170531092305622.jpg,2,NPDR
20170610144321884.jpg,2,NPDR
20170521091719687.jpg,2,NPDR
007-2922-100.jpg,1,NPDR
20170617210321383.jpg,2,NPDR
20170609180538403.jpg,2,NPDR
20170606104243761.jpg,2,NPDR
20170630161546569.jpg,2,NPDR
20170519154024233.jpg,2,NPDR
20170629163541793.jpg,2,NPDR
20170502085516832.jpg,2,NPDR
20170522102610360.jpg,2,NPDR
007-6174-300.jpg,2,NPDR
20170525100049684.jpg,2,NPDR
20170630161316194.jpg,2,NPDR
20170618221202386.jpg,2,NPDR
007-8764-605.jpg,2,NPDR
20170517121103651.jpg,2,NPDR
007-6222-300.jpg,2,NPDR
20170524111743769.jpg,2,NPDR
20170622084616268.jpg,2,NPDR
007-6077-300.jpg,2,NPDR
007-6010-300.jpg,3,NPDR
007-6189-300.jpg,2,NPDR
007-8424-603.jpg,2,NPDR
007-3255-100.jpg,1,NPDR
20170527182337850.jpg,2,NPDR
20170511151338540.jpg,2,NPDR
007-3009-100.jpg,1,NPDR
20170520100604296.jpg,2,NPDR
20170619085859679.jpg,2,NPDR
20170511181632501.jpg,2,NPDR
007-2823-100.jpg,1,NPDR
20170613084729625.jpg,2,NPDR
20170630162228394.jpg,2,NPDR
20170531150831935.jpg,2,NPDR
20170502160732595.jpg,2,NPDR
20170516171812075.jpg,2,NPDR
007-6082-300.jpg,2,NPDR
007-6243-300.jpg,2,NPDR
007-6209-300.jpg,2,NPDR
007-6168-300.jpg,2,NPDR
20170618202042689.jpg,2,NPDR
20170609172109111.jpg,2,NPDR
20170607104433180.jpg,2,NPDR
20170517093748842.jpg,2,NPDR
007-2841-100.jpg,1,NPDR
007-3083-100.jpg,1,NPDR
20170602120015765.jpg,2,NPDR
20170512164458754.jpg,2,NPDR
20170522172409179.jpg,2,NPDR
20170607161021590.jpg,2,NPDR
20170622085448687.jpg,2,NPDR
20170512230424862.jpg,2,NPDR
20170529050427690.jpg,2,NPDR
20170607082954012.jpg,2,NPDR
007-2998-100.jpg,1,NPDR
007-6027-300.jpg,2,NPDR
20170526162358967.jpg,2,NPDR
007-6069-300.jpg,2,NPDR
20170517092841210.jpg,2,NPDR
20170628162207585.jpg,2,NPDR
20170613170118036.jpg,2,NPDR
20170608212719065.jpg,2,NPDR
20170524091341142.jpg,2,NPDR
007-6034-300.jpg,2,NPDR
20170525152509382.jpg,2,NPDR
20170528112424899.jpg,2,NPDR
20170515153131779.jpg,2,NPDR
007-5986-300.jpg,2,NPDR
007-6011-300.jpg,3,NPDR
20170510152714859.jpg,2,NPDR
20170511164438689.jpg,2,NPDR
007-3038-100.jpg,1,NPDR
20170621140621348.jpg,2,NPDR
20170627200907950.jpg,2,NPDR
007-6107-300.jpg,2,NPDR
007-6040-300.jpg,2,NPDR
20170621102941401.jpg,2,NPDR
20170527183427611.jpg,2,NPDR
20170609165742369.jpg,2,NPDR
