image,grade,label
e9286ddf6ffe.png,1,NPDR
f5e6226bd2e0.png,4,PDR
3402124408ea.png,2,NPDR
9f1efb799b7b.png,2,NPDR
ba08cee68c71.png,4,PDR
518e880613de.png,4,PDR
62ecdc90dd42.png,2,NPDR
9a496b1e20f9.png,4,PDR
4294a14c656a.png,3,NPDR
72d98188648f.png,4,PDR
98f48850ebce.png,2,NPDR
3c78bfca247b.png,4,PDR
3d663a6a50a3.png,2,NPDR
cd93a472e5cd.png,4,PDR
4c570172778b.png,3,NPDR
838c87c63422.png,4,PDR
b99afe7137fb.png,4,PDR
6735931000ec.png,3,NPDR
8a234d68b27e.png,3,NPDR
9c72ed6befa0.png,4,PDR
f1dc26c4bfa3.png,4,PDR
c62585bd68fb.png,4,PDR
0243404e8a00.png,4,PDR
9c5dd3612f0c.png,2,NPDR
b1b3e7d0a5f3.png,4,PDR
3810040096cb.png,4,PDR
2fde69f20585.png,4,PDR
67f5d89da548.png,1,NPDR
f6f3ea0d2693.png,4,PDR
1bf30c84bbad.png,4,PDR
07d8db76b301.png,2,NPDR
cbd0870aa933.png,4,PDR
4c60b10a3a6a.png,3,NPDR
dad71ba27a9b.png,4,PDR
4a3da369b227.png,4,PDR
3cdda8b3df19.png,2,NPDR
f2d2a0c92034.png,4,PDR
905cc86bf100.png,4,PDR
582115961a3d.png,1,NPDR
1a369baf9ee6.png,2,NPDR
d9ba044671e1.png,4,PDR
ba4d2c4b3039.png,4,PDR
94ef1d14597f.png,4,PDR
080f66eedfb9.png,4,PDR
39b5b05d6cd9.png,2,NPDR
2d870833c0c9.png,2,NPDR
034cb07a550f.png,4,PDR
1116271db4ea.png,1,NPDR
4f20f9a9a65b.png,2,NPDR
f025f33b2c9b.png,4,PDR
7bc4dd99eee5.png,4,PDR
f80118bbda18.png,2,NPDR
3ccf96c1dd6d.png,4,PDR
db4ed1e07aa3.png,1,NPDR
de16416220de.png,4,PDR
7347f5133a6a.png,1,NPDR
5d74f98d62be.png,4,PDR
4bd941611343.png,4,PDR
08752092140d.png,2,NPDR
1c3a6b4449e9.png,1,NPDR
4462fba1d2a1.png,4,PDR
2994f17f58a5.png,1,NPDR
a00b4cb250a7.png,1,NPDR
1c4f3aa4df06.png,4,PDR
3ee4841936ef.png,4,PDR
8785b71238d8.png,4,PDR
10eefba568dd.png,2,NPDR
b07bc463b718.png,1,NPDR
cc839823755b.png,2,NPDR
222f3ee3a1e8.png,4,PDR
d364423ec6f9.png,2,NPDR
b96b518596b3.png,4,PDR
c5a9ebef1517.png,3,NPDR
499c8df39222.png,4,PDR
03fd50da928d.png,2,NPDR
5a091e8cd95c.png,1,NPDR
378963f9df22.png,4,PDR
4689b739d240.png,4,PDR
c6a145742708.png,4,PDR
ee1ec90b980f.png,4,PDR
bdff5d8bddf8.png,4,PDR
08a3875063c3.png,4,PDR
917f76f360b6.png,2,NPDR
4a693dd3921a.png,4,PDR
60e269e3e188.png,2,NPDR
b06dabab4f09.png,2,NPDR
46cdc8b685bd.png,4,PDR
25e9fd872182.png,1,NPDR
61f403fdb434.png,4,PDR
ef26625121b3.png,4,PDR
8af6a4e5396f.png,4,PDR
052d9a3fe55a.png,2,NPDR
94372043d55b.png,1,NPDR
e740af6ac6ea.png,4,PDR
60f15dd68d30.png,4,PDR
e4730ddde408.png,4,PDR
8ac0c44bbf24.png,4,PDR
789434d095d1.png,4,PDR
51131b48f9d4.png,1,NPDR
080ee76c958c.png,4,PDR
7cc4b7aabe04.png,4,PDR
b1197f2cc9b3.png,1,NPDR
c6e1e9fbf39b.png,2,NPDR
f8cf7ed8ef00.png,4,PDR
44f4ae58990e.png,2,NPDR
9bafbbd152d2.png,3,NPDR
4a7dc013e802.png,4,PDR
8596a24a14bd.png,4,PDR
b70cb31b9abb.png,4,PDR
15528e740543.png,2,NPDR
3b9c1f42c2f2.png,2,NPDR
42b93b574f23.png,2,NPDR
66375b3c64db.png,4,PDR
d4f32b9c07df.png,1,NPDR
61e301bd3c25.png,4,PDR
2f9b66784109.png,2,NPDR
add1d681d712.png,2,NPDR
810d3779abd9.png,3,NPDR
6f923b60934b.png,4,PDR
80964d8e0863.png,4,PDR
44ecf3f4efa5.png,4,PDR
d9a475dfe59a.png,2,NPDR
e037643244b7.png,4,PDR
cab3dfa7962d.png,1,NPDR
9e3510963315.png,4,PDR
a81b06f50612.png,4,PDR
6fe67482bfae.png,4,PDR
8958a4d17b7e.png,3,NPDR
408ea9d5e082.png,4,PDR
51af8c112682.png,4,PDR
f72adcac5638.png,4,PDR
3b232b394e4f.png,4,PDR
0ceb222f6629.png,4,PDR
5548a7961a3e.png,1,NPDR
cd972e5639e0.png,4,PDR
4dc2211a1c31.png,4,PDR
5633ced07d8e.png,1,NPDR
6630f8675a97.png,4,PDR
1b4625877527.png,2,NPDR
fcc55ae641ae.png,2,NPDR
1fd5d860d4d7.png,4,PDR
001639a390f0.png,4,PDR
547b37da9223.png,2,NPDR
fb696a8e055a.png,4,PDR
17eb5d4ad740.png,2,NPDR
ff52392372d3.png,2,NPDR
4dd5d5ccddcf.png,1,NPDR
d85ea1220a03.png,4,PDR
165cd2070ebd.png,4,PDR
49419f8d5cb4.png,2,NPDR
65e120143825.png,4,PDR
4dd71fc7f22b.png,4,PDR
e3ab63dc9a60.png,4,PDR
3748349334f6.png,2,NPDR
10fca1abf338.png,4,PDR
a5c9a8c726b2.png,4,PDR
4b618537d52f.png,3,NPDR
7b211d8bd249.png,4,PDR
f03d3c4ce7fb.png,4,PDR
eaa0dfbd5024.png,4,PDR
a763661f98a5.png,3,NPDR
1f63d44d9e3c.png,2,NPDR
e12b67835e03.png,2,NPDR
300305ce82d2.png,2,NPDR
58184d6fd087.png,1,NPDR
1c0cf251b426.png,1,NPDR
2f7789c1e046.png,4,PDR
3128eb593012.png,2,NPDR
262ad704319c.png,4,PDR
55eb405ec71e.png,4,PDR
1d14dd912671.png,2,NPDR
61bbc11fe503.png,4,PDR
0ad7f631dedb.png,1,NPDR
a4d41c495666.png,2,NPDR
bf18ff30a8f6.png,1,NPDR
a64273801bde.png,2,NPDR
04d029cfb612.png,2,NPDR
4d21ce39c905.png,2,NPDR
674057ab250c.png,2,NPDR
6028a575dc27.png,1,NPDR
d659d7fd5ccf.png,4,PDR
4ce74e5eb51d.png,2,NPDR
3b4a5fcbe5e0.png,4,PDR
4f0866b90c27.png,3,NPDR
9b418ce42c13.png,2,NPDR
ed246ae1ed08.png,4,PDR
aa6673241154.png,4,PDR
a182b5b191de.png,4,PDR
d51b3fe0fa1b.png,4,PDR
7d626a7ffe76.png,4,PDR
6cd606dc52e9.png,4,PDR
aed4e743c230.png,2,NPDR
269f0792f11f.png,2,NPDR
9fab29e69a6b.png,4,PDR
9b093fe95d6b.png,3,NPDR
0afdfe5f422c.png,2,NPDR
d5b4705ac2ee.png,1,NPDR
e32dc722eca5.png,4,PDR
d10ef306996b.png,4,PDR
f762c272c522.png,1,NPDR
28a4d00927b7.png,2,NPDR
4e7694eebb91.png,2,NPDR
7743f4e04a6d.png,2,NPDR
64fedbf97473.png,4,PDR
b55d2ddb3e75.png,4,PDR
78b3f819dcc5.png,4,PDR
b56340f472d2.png,1,NPDR
03a7f4a5786f.png,4,PDR
63d217b059b6.png,2,NPDR
11242a67122d.png,4,PDR
8db2ce991101.png,4,PDR
ee78ce914066.png,1,NPDR
2fe06bedb2c4.png,4,PDR
52886bed8a07.png,2,NPDR
282bc792d23a.png,2,NPDR
8688f3d0fcaf.png,3,NPDR
82deb07a6618.png,2,NPDR
0a09aa7356c0.png,2,NPDR
281d7b7c7676.png,4,PDR
aad0c0ee9268.png,2,NPDR
19ef4d292196.png,4,PDR
d994203deb64.png,2,NPDR
bfefa7344e7d.png,4,PDR
3f3de2a6b0f5.png,2,NPDR
5b72ff04333d.png,1,NPDR
247e98aba610.png,4,PDR
bec0acd539b2.png,3,NPDR
c0e15e8e2b46.png,1,NPDR
d2ffe9287dc7.png,3,NPDR
ebe0175e530c.png,4,PDR
6ba5ed791444.png,2,NPDR
9ed666e982cd.png,1,NPDR
82bb8a01935f.png,4,PDR
6d259b5b4c76.png,4,PDR
2665f72e2dd3.png,3,NPDR
5486da4273d7.png,2,NPDR
36ec36c301c1.png,2,NPDR
8f318a978844.png,4,PDR
1e9224ccca95.png,4,PDR
64bad93fde3f.png,4,PDR
16ce555748d8.png,4,PDR
8eeac97f02f0.png,4,PDR
144b01e7b993.png,2,NPDR
c7c0470bcf87.png,2,NPDR
312694ea8e6a.png,4,PDR
a790a3b36390.png,2,NPDR
c0e509786f7f.png,4,PDR
f5e9a307288c.png,2,NPDR
187f6ccda87a.png,4,PDR
0e82bcacc475.png,4,PDR
fa59221cf464.png,4,PDR
3ac3fbfca7d4.png,4,PDR
a443c4fd489c.png,1,NPDR
840527bc6628.png,2,NPDR
962cf85e4f6d.png,2,NPDR
ba735b286d62.png,4,PDR
64678182d8a8.png,1,NPDR
a32b5ce3d48a.png,4,PDR
bb9a3d835a94.png,1,NPDR
8aab201c0691.png,2,NPDR
e7d2c2c3b30f.png,4,PDR
576e189d23d4.png,4,PDR
9859e2a6cc24.png,4,PDR
2a3378bcfbcc.png,2,NPDR
af3b0115aad1.png,3,NPDR
5a11d21c2828.png,2,NPDR
0318598cfd16.png,4,PDR
2628305cbb29.png,4,PDR
c8fc0df22999.png,1,NPDR
a0a0cd8af5a6.png,2,NPDR
b83a6eca125f.png,2,NPDR
0e0fc1d9810c.png,4,PDR
27e2be850a99.png,4,PDR
b0cc9f8d06e4.png,2,NPDR
026dcd9af143.png,2,NPDR
02685f13cefd.png,4,PDR
bca2bdc15fc5.png,2,NPDR
e4151feb8443.png,2,NPDR
760b6f4c6d82.png,2,NPDR
c3d12a23f451.png,4,PDR
1a7e3356b39c.png,4,PDR
e62490b7d0e9.png,4,PDR
29bc0e721cfe.png,4,PDR
c8d2d32f7f29.png,4,PDR
21abd36095a1.png,4,PDR
857230f64a2e.png,4,PDR
d0b132d2c7ec.png,4,PDR
93be637084a2.png,1,NPDR
8fd7ad26e691.png,4,PDR
5eb311bcb5f9.png,2,NPDR
57760be09c03.png,2,NPDR
a76b69e443ce.png,4,PDR
513b0a4651fa.png,1,NPDR
22a6da005395.png,1,NPDR
0ca0aee4d57e.png,2,NPDR
3b185ac445d0.png,4,PDR
2f42e20db938.png,3,NPDR
8bad12d70368.png,4,PDR
246e4506824a.png,2,NPDR
071435a218ec.png,2,NPDR
a6d45de20e4d.png,4,PDR
7efc91af4ae6.png,4,PDR
6531070bf03c.png,2,NPDR
595446774178.png,1,NPDR
762d6e5d5068.png,3,NPDR
5347b4c8e9b3.png,1,NPDR
5e7db41b3bee.png,4,PDR
4c3c1ed09771.png,1,NPDR
3f752fcccec0.png,4,PDR
4da2961e62fe.png,1,NPDR
5b068765e846.png,1,NPDR
664b1f9a2087.png,4,PDR
ba2624883599.png,2,NPDR
a8652b2de23f.png,2,NPDR
38e111cac46f.png,2,NPDR
b90bc89ce8d8.png,4,PDR
4242c0d87f57.png,2,NPDR
5090917a2676.png,1,NPDR
e4e343eaae2a.png,2,NPDR
2bd4d4fbed5c.png,2,NPDR
11b5c77fbf79.png,2,NPDR
441affbe99aa.png,2,NPDR
211518c46162.png,4,PDR
785777558f05.png,4,PDR
df84e7113003.png,4,PDR
259d30f693b6.png,1,NPDR
09935d72892b.png,1,NPDR
374535e0adb8.png,4,PDR
62318d514160.png,4,PDR
5d024177e214.png,2,NPDR
aca88f566228.png,2,NPDR
e4f12411fd85.png,4,PDR
32a3eb37ff40.png,2,NPDR
382752f6694a.png,1,NPDR
7e0598cc88a0.png,4,PDR
e821c1b6417a.png,4,PDR
70f5caf5f305.png,2,NPDR
a15590a7d774.png,2,NPDR
21d18b022429.png,4,PDR
92b0d27fc0ec.png,2,NPDR
89ee1fa16f90.png,2,NPDR
aeed1f251ceb.png,4,PDR
e55188915f9d.png,1,NPDR
7c629b491d1a.png,4,PDR
de778495a1cd.png,2,NPDR
7c90ab025331.png,4,PDR
686ed1dbae20.png,2,NPDR
af828dab3ffc.png,2,NPDR
25dc1b41ed9c.png,2,NPDR
6c3745a222da.png,4,PDR
3a122851e526.png,2,NPDR
59fee5bc3479.png,4,PDR
7a238a1d3cf3.png,4,PDR
d1a24527a15d.png,4,PDR
ffcf7b45f213.png,2,NPDR
5b5b80a3edee.png,4,PDR
e9f82b5bbaf4.png,2,NPDR
f0f89314e860.png,4,PDR
fdd534271f3d.png,4,PDR
5905a9b06a73.png,2,NPDR
6c250a30593b.png,4,PDR
9cc6b1f9bcbd.png,4,PDR
b49b2fac2514.png,4,PDR
ca1036496659.png,1,NPDR
d803598dabda.png,4,PDR
f092febbf5c0.png,3,NPDR
36041171f441.png,1,NPDR
b640e3bdff75.png,1,NPDR
7bf981d9c7fe.png,1,NPDR
663a923d5398.png,2,NPDR
61c2fbd16e38.png,2,NPDR
6cfb7b44ef6f.png,4,PDR
cb75210abebe.png,2,NPDR
c1799a6f5c65.png,4,PDR
77543f66a84a.png,2,NPDR
2f284b6a1940.png,4,PDR
bfdee9be1f1d.png,4,PDR
6e73acb2cf60.png,4,PDR
975252e325e3.png,2,NPDR
0c76fd494af6.png,2,NPDR
cbc2e57447c2.png,2,NPDR
3d3e288d490e.png,2,NPDR
a77dbec966d4.png,1,NPDR
78d53c82a23e.png,2,NPDR
e85d410d6836.png,2,NPDR
c9ea9d5eab65.png,3,NPDR
ff8a0b45c789.png,4,PDR
e811f39a1243.png,2,NPDR
7d1da90d3ca9.png,2,NPDR
4c129470cec4.png,1,NPDR
63b4d030b016.png,4,PDR
97da093947e8.png,4,PDR
a4b8de38eac1.png,3,NPDR
a8e88d4891c4.png,3,NPDR
1f07dae3cadb.png,2,NPDR
51d0034d177d.png,2,NPDR
4fa26d065ad3.png,1,NPDR
7e4019ac7f5a.png,4,PDR
c2d2b4f536da.png,2,NPDR
cd54d022e37d.png,4,PDR
37de05ef12a5.png,2,NPDR
a3475dc3ac80.png,2,NPDR
887c26fc0e1f.png,4,PDR
23148a40ecb0.png,2,NPDR
7270367410a1.png,4,PDR
ab1c20a94f3f.png,4,PDR
e6a6acf7fca1.png,2,NPDR
e39b627cf648.png,4,PDR
cc3d2e961768.png,4,PDR
65c958379680.png,4,PDR
66a0bf258013.png,4,PDR
1d55e689cf84.png,2,NPDR
55092c0071eb.png,2,NPDR
0d310aba6373.png,1,NPDR
c1896142a20a.png,4,PDR
1dfbede13143.png,2,NPDR
aa9cfe639ef1.png,2,NPDR
8273fdb4405e.png,1,NPDR
6d7d26025122.png,4,PDR
7e9458de5707.png,2,NPDR
f69835dc7c50.png,4,PDR
3b018e8b7303.png,3,NPDR
254052cf3e48.png,4,PDR
6194e0fff071.png,4,PDR
a476fd984005.png,2,NPDR
d83c3efade75.png,2,NPDR
702de9dcde32.png,4,PDR
f3cd489acbee.png,2,NPDR
25d069089c5e.png,4,PDR
8bed09514c3b.png,4,PDR
3a6e9730b298.png,4,PDR
f58d37d48e42.png,4,PDR
4abca30b676b.png,4,PDR
d2c2f02bb313.png,4,PDR
a0cd7bffdaa0.png,4,PDR
0a9ec1e99ce4.png,2,NPDR
85cbb84ac8e0.png,4,PDR
0981195eb9fb.png,4,PDR
20d5fdd450ae.png,4,PDR
1b32e1d775ea.png,4,PDR
8c7c26c52a6c.png,4,PDR
79d44db3da2d.png,4,PDR
cf1b9d26d38d.png,4,PDR
07419eddd6be.png,2,NPDR
43ddd0ab0cc4.png,2,NPDR
c01eae4b4939.png,4,PDR
f6f433f3306f.png,3,NPDR
58b866484a05.png,4,PDR
2bbcfdc477db.png,4,PDR
d271d3a2b552.png,4,PDR
6b869f37cdf3.png,2,NPDR
7c52fe73e748.png,2,NPDR
68332fdcaa70.png,1,NPDR
95e732e043a1.png,4,PDR
76fe19ff64fb.png,2,NPDR
247ac63e5510.png,4,PDR
29b52f64d2db.png,1,NPDR
b187b3c93afb.png,2,NPDR
b87f9c59748b.png,4,PDR
a14fcf84bfe1.png,3,NPDR
f549294e12e1.png,4,PDR
cbf0394039f8.png,2,NPDR
fe37f4492920.png,2,NPDR
e019b3e0f33d.png,4,PDR
bd9904495ccd.png,4,PDR
02dda30d3acf.png,4,PDR
e23add229074.png,4,PDR
48fda42bd5d4.png,2,NPDR
f55e1d2a19e4.png,1,NPDR
4289af3afbd2.png,2,NPDR
5c7ab966a3ee.png,4,PDR
c5e238aa18be.png,4,PDR
51cfeccaf40d.png,2,NPDR
876e1dd12d38.png,2,NPDR
cd29c88c9e36.png,2,NPDR
bba38f2294a3.png,4,PDR
b402daa0864c.png,2,NPDR
8d8aca52c07b.png,4,PDR
5b76117c4bcb.png,4,PDR
fce93caa4758.png,4,PDR
bcd503c726ba.png,4,PDR
3796af4d987a.png,4,PDR
71e4130bf5c8.png,2,NPDR
26463a5fb949.png,4,PDR
1efa5d443707.png,4,PDR
6cdd0f985270.png,1,NPDR
e9ab8413e771.png,4,PDR
2d9d97a6e713.png,1,NPDR
b37aae3c8fe1.png,4,PDR
70d657f8f503.png,4,PDR
1a90fad9ffa2.png,4,PDR
77f69c7ff324.png,2,NPDR
cb547e723a16.png,4,PDR
8714d17bb6da.png,1,NPDR
e3ec668f6fad.png,4,PDR
a0267206d51e.png,2,NPDR
f850cb51fdba.png,4,PDR
7a6e384a0846.png,3,NPDR
87774aafe068.png,4,PDR
1623e8e3adc4.png,3,NPDR
3428230bf1bd.png,2,NPDR
510aa0a898fa.png,2,NPDR
753b14c27c83.png,4,PDR
37c4dfe03aba.png,4,PDR
5a03fe3ed15c.png,2,NPDR
710b05a96e0f.png,4,PDR
932181b93b2f.png,2,NPDR
6daef3e5ca22.png,4,PDR
df8365d6ac33.png,2,NPDR
07122e268a1d.png,4,PDR
14515b8f19b6.png,2,NPDR
1a1b4b2450ca.png,2,NPDR
3a1ecf5e2839.png,4,PDR
0bf37ca3156a.png,4,PDR
84c663f39632.png,4,PDR
22895c89792f.png,4,PDR
a4359815f152.png,2,NPDR
6889bc64ab09.png,2,NPDR
a11bf2edd470.png,4,PDR
bd5013540a13.png,4,PDR
2df07eb5779f.png,4,PDR
7c2f820a6425.png,2,NPDR
f920ccd926db.png,2,NPDR
df4913ca3712.png,4,PDR
ae1344610ebe.png,2,NPDR
99132193eaa0.png,1,NPDR
435d900fa7b2.png,2,NPDR
eadc57064154.png,4,PDR
b3819a805dca.png,4,PDR
875a2fc5fe23.png,4,PDR
6dfd80748e72.png,2,NPDR
1ee1eb7943db.png,2,NPDR
612f2df37a1d.png,4,PDR
419406328dcd.png,2,NPDR
0083ee8054ee.png,4,PDR
5cf9127f251a.png,2,NPDR
46d3316c4857.png,4,PDR
b77b8a1f09f1.png,4,PDR
2017cd92c63d.png,4,PDR
abf09c44d5f4.png,2,NPDR
94111ed3d276.png,1,NPDR
e83d315d8f98.png,2,NPDR
4393c5bc576a.png,1,NPDR
51a1d162e223.png,4,PDR
2a099b247b10.png,2,NPDR
cf0575534cec.png,1,NPDR
d2901144070c.png,4,PDR
0ada12c0e78f.png,4,PDR
c261b1aaa828.png,2,NPDR
89fc080f7e83.png,2,NPDR
ed3a0fc5b546.png,4,PDR
8ae049175db6.png,4,PDR
7f6ce40f306b.png,2,NPDR
b3d135bd3bb5.png,3,NPDR
365f8c01d994.png,1,NPDR
9b0eb9f41da4.png,2,NPDR
d48178e4a49b.png,4,PDR
a2ddabee14e9.png,4,PDR
c0f15fe3b4b7.png,1,NPDR
c1ebe785503a.png,1,NPDR
3206171db5be.png,4,PDR
e03e70bc8bba.png,2,NPDR
d15ca3469b87.png,2,NPDR
df4aec4a0eaf.png,4,PDR
1638404f385c.png,4,PDR
f5a8c6426a71.png,3,NPDR
358d2224de73.png,1,NPDR
873dcc0b468f.png,4,PDR
f0098e9d4aee.png,4,PDR
a3fcf42ff56d.png,4,PDR
8a25a080f28f.png,1,NPDR
04ac765f91a1.png,1,NPDR
e3a7671f787b.png,2,NPDR
38055d8b9f08.png,3,NPDR
f9ecf1795804.png,2,NPDR
6f4719c6bb4b.png,4,PDR
5bda2ed09e62.png,4,PDR
c9485c38fdd5.png,1,NPDR
4ccfa0b4e96c.png,4,PDR
135575dc57c9.png,2,NPDR
e150935f66a6.png,2,NPDR
bc34ed91c9bc.png,4,PDR
0dbaa09a458c.png,2,NPDR
69fff98cb32a.png,4,PDR
15e96e848b46.png,4,PDR
3ca637fddd56.png,4,PDR
613028ede6a0.png,4,PDR
eb1d37b71fd1.png,4,PDR
916ec976ff30.png,3,NPDR
5dd2e26fc244.png,4,PDR
