setting,cohort,model,balanced_accuracy,ALine-D,ALine-S,DoC,ATC,No-shift
balanced,jsiec,dinov2_l_seed0,0.9872,0.9221,0.9323,0.9555,0.9231,0.9266
balanced,jsiec,dinov2_l_seed1,1.0,0.91,0.9241,0.9107,0.9103,0.9098
balanced,jsiec,dinov2_l_seed2,0.9615,0.9284,0.9254,0.9131,0.9231,0.9126
balanced,jsiec,dinov2_l_seed3,0.9359,0.899,0.9172,0.9034,0.8974,0.8951
balanced,jsiec,dinov2_l_seed4,0.9487,0.8906,0.9159,0.892,0.8718,0.8923
balanced,jsiec,retfound_seed0,0.9615,0.9265,0.9293,0.9349,0.9359,0.9206
balanced,jsiec,retfound_seed1,0.9487,0.8911,0.9095,0.8629,0.8333,0.8781
balanced,jsiec,retfound_seed2,0.9103,0.8961,0.9182,0.8965,0.8846,0.8974
balanced,jsiec,retfound_seed3,0.9231,0.9111,0.921,0.8994,0.8974,0.9034
balanced,jsiec,retfound_seed4,0.8462,0.8237,0.9142,0.8897,0.9231,0.8886
balanced,deepdrid,dinov2_l_seed0,0.8533,0.8586,0.8724,0.9082,0.8587,0.9266
balanced,deepdrid,dinov2_l_seed1,0.8261,0.8655,0.8692,0.894,0.8913,0.9098
balanced,deepdrid,dinov2_l_seed2,0.8261,0.843,0.8697,0.9024,0.8207,0.9126
balanced,deepdrid,dinov2_l_seed3,0.8261,0.8506,0.8666,0.8718,0.8424,0.8951
balanced,deepdrid,dinov2_l_seed4,0.788,0.8271,0.8662,0.8718,0.837,0.8923
balanced,deepdrid,retfound_seed0,0.7989,0.8533,0.8712,0.8831,0.8207,0.9206
balanced,deepdrid,retfound_seed1,0.7772,0.8111,0.864,0.8369,0.7011,0.8781
balanced,deepdrid,retfound_seed2,0.7826,0.8593,0.867,0.8662,0.8315,0.8974
balanced,deepdrid,retfound_seed3,0.7826,0.8678,0.868,0.8788,0.8043,0.9034
balanced,deepdrid,retfound_seed4,0.7391,0.7959,0.8656,0.8694,0.8424,0.8886
balanced,aptos,dinov2_l_seed0,0.6458,0.8822,0.8918,0.8936,0.8932,0.9266
balanced,aptos,dinov2_l_seed1,0.6186,0.8666,0.88,0.8682,0.8288,0.9098
balanced,aptos,dinov2_l_seed2,0.639,0.8817,0.8819,0.9025,0.8661,0.9126
balanced,aptos,dinov2_l_seed3,0.622,0.8683,0.8704,0.8672,0.8356,0.8951
balanced,aptos,dinov2_l_seed4,0.6153,0.8659,0.8686,0.8745,0.8407,0.8923
balanced,aptos,retfound_seed0,0.6356,0.8717,0.8875,0.9051,0.8729,0.9206
balanced,aptos,retfound_seed1,0.6322,0.8301,0.8599,0.8442,0.7475,0.8781
balanced,aptos,retfound_seed2,0.6288,0.881,0.8718,0.8724,0.8407,0.8974
balanced,aptos,retfound_seed3,0.6305,0.8725,0.8757,0.8774,0.822,0.9034
balanced,aptos,retfound_seed4,0.5847,0.8377,0.8663,0.8939,0.9169,0.8886
balanced,idrid,dinov2_l_seed0,0.7734,0.8302,0.842,0.8788,0.8594,0.9266
balanced,idrid,dinov2_l_seed1,0.7734,0.7545,0.844,0.8078,0.6484,0.9098
balanced,idrid,dinov2_l_seed2,0.6953,0.8056,0.8437,0.8583,0.6719,0.9126
balanced,idrid,dinov2_l_seed3,0.7109,0.822,0.8454,0.8629,0.8359,0.8951
balanced,idrid,dinov2_l_seed4,0.6797,0.7883,0.8457,0.8333,0.6875,0.8923
balanced,idrid,retfound_seed0,0.8203,0.833,0.8427,0.897,0.8906,0.9206
balanced,idrid,retfound_seed1,0.7734,0.8126,0.847,0.857,0.7266,0.8781
balanced,idrid,retfound_seed2,0.75,0.8457,0.8452,0.8444,0.7656,0.8974
balanced,idrid,retfound_seed3,0.7734,0.8318,0.8446,0.8505,0.75,0.9034
balanced,idrid,retfound_seed4,0.6484,0.7517,0.8461,0.8511,0.7969,0.8886
balanced,messidor2,dinov2_l_seed0,0.6143,0.8493,0.9136,0.8703,0.8714,0.9266
balanced,messidor2,dinov2_l_seed1,0.5714,0.8757,0.9187,0.8776,0.8286,0.9098
balanced,messidor2,dinov2_l_seed2,0.5714,0.8767,0.9179,0.8959,0.8286,0.9126
balanced,messidor2,dinov2_l_seed3,0.5571,0.8917,0.9225,0.8769,0.8429,0.8951
balanced,messidor2,dinov2_l_seed4,0.5286,0.8814,0.9231,0.8908,0.8571,0.8923
balanced,messidor2,retfound_seed0,0.6143,0.8738,0.9156,0.8968,0.8571,0.9206
balanced,messidor2,retfound_seed1,0.6143,0.8698,0.9262,0.8708,0.8143,0.8781
balanced,messidor2,retfound_seed2,0.6143,0.8922,0.9219,0.8761,0.8714,0.8974
balanced,messidor2,retfound_seed3,0.5714,0.9076,0.9204,0.891,0.8857,0.9034
balanced,messidor2,retfound_seed4,0.5143,0.8616,0.924,0.8833,0.8714,0.8886
balanced,eyepacs,dinov2_l_seed0,0.6751,0.8752,0.9063,0.9101,0.9061,0.9266
balanced,eyepacs,dinov2_l_seed1,0.6172,0.8878,0.8972,0.9052,0.9011,0.9098
balanced,eyepacs,dinov2_l_seed2,0.613,0.8929,0.8986,0.9086,0.8948,0.9126
balanced,eyepacs,dinov2_l_seed3,0.6448,0.8622,0.8897,0.8777,0.8524,0.8951
balanced,eyepacs,dinov2_l_seed4,0.6003,0.8727,0.8883,0.8778,0.8362,0.8923
balanced,eyepacs,retfound_seed0,0.6589,0.8868,0.9029,0.8856,0.8531,0.9206
balanced,eyepacs,retfound_seed1,0.6137,0.8631,0.8816,0.8769,0.8771,0.8781
balanced,eyepacs,retfound_seed2,0.6186,0.8867,0.8908,0.8662,0.8319,0.8974
balanced,eyepacs,retfound_seed3,0.6299,0.8984,0.8938,0.891,0.8651,0.9034
balanced,eyepacs,retfound_seed4,0.6306,0.8634,0.8865,0.8442,0.7698,0.8886
natural,aptos,dinov2_l_seed0,0.6453,0.9062,0.9197,0.8999,0.9117,0.9266
natural,aptos,dinov2_l_seed1,0.6222,0.8921,0.9088,0.8735,0.8433,0.9098
natural,aptos,dinov2_l_seed2,0.6363,0.9051,0.9106,0.9067,0.8912,0.9126
natural,aptos,dinov2_l_seed3,0.6173,0.8897,0.8997,0.8705,0.8471,0.8951
natural,aptos,dinov2_l_seed4,0.6187,0.8911,0.898,0.8874,0.8826,0.8923
natural,aptos,retfound_seed0,0.6467,0.9017,0.9158,0.9178,0.8923,0.9206
natural,aptos,retfound_seed1,0.6443,0.8627,0.8896,0.8587,0.804,0.8781
natural,aptos,retfound_seed2,0.6275,0.9072,0.9011,0.893,0.895,0.8974
natural,aptos,retfound_seed3,0.6294,0.9008,0.9048,0.8955,0.8745,0.9034
natural,aptos,retfound_seed4,0.5821,0.8781,0.8958,0.9057,0.9521,0.8886
natural,eyepacs,dinov2_l_seed0,0.6777,0.9426,0.9591,0.9405,0.9563,0.9266
natural,eyepacs,dinov2_l_seed1,0.6175,0.9382,0.9541,0.9363,0.9579,0.9098
natural,eyepacs,dinov2_l_seed2,0.6158,0.9436,0.9549,0.9179,0.9531,0.9126
natural,eyepacs,dinov2_l_seed3,0.648,0.9241,0.9499,0.9062,0.9182,0.8951
natural,eyepacs,dinov2_l_seed4,0.6001,0.9228,0.9491,0.9034,0.9254,0.8923
natural,eyepacs,retfound_seed0,0.6597,0.9448,0.9573,0.9215,0.9406,0.9206
natural,eyepacs,retfound_seed1,0.6107,0.9146,0.9453,0.8926,0.9426,0.8781
natural,eyepacs,retfound_seed2,0.618,0.9329,0.9506,0.9012,0.9171,0.8974
natural,eyepacs,retfound_seed3,0.6281,0.9448,0.9523,0.9125,0.9373,0.9034
natural,eyepacs,retfound_seed4,0.624,0.908,0.9481,0.8711,0.8599,0.8886
natural,messidor2,dinov2_l_seed0,0.6306,0.9584,0.9757,0.9355,0.9601,0.9266
natural,messidor2,dinov2_l_seed1,0.5749,0.9482,0.9749,0.9353,0.9546,0.9098
natural,messidor2,dinov2_l_seed2,0.5756,0.9508,0.9751,0.9134,0.9312,0.9126
natural,messidor2,dinov2_l_seed3,0.5606,0.9493,0.9743,0.9262,0.945,0.8951
natural,messidor2,dinov2_l_seed4,0.5242,0.9356,0.9742,0.9126,0.9532,0.8923
natural,messidor2,retfound_seed0,0.6221,0.9614,0.9754,0.9493,0.9711,0.9206
natural,messidor2,retfound_seed1,0.6034,0.9258,0.9737,0.8925,0.9326,0.8781
natural,messidor2,retfound_seed2,0.6092,0.9502,0.9744,0.9217,0.9601,0.8974
natural,messidor2,retfound_seed3,0.5685,0.9636,0.9747,0.9234,0.9684,0.9034
natural,messidor2,retfound_seed4,0.5128,0.9282,0.9741,0.9127,0.9725,0.8886
natural,idrid,dinov2_l_seed0,0.7861,0.8868,0.8957,0.8881,0.8926,0.9266
natural,idrid,dinov2_l_seed1,0.7672,0.8303,0.8953,0.8379,0.7301,0.9098
natural,idrid,dinov2_l_seed2,0.7075,0.8685,0.8953,0.8849,0.7577,0.9126
natural,idrid,dinov2_l_seed3,0.7118,0.8738,0.8949,0.882,0.8712,0.8951
natural,idrid,dinov2_l_seed4,0.682,0.8492,0.8949,0.8635,0.7975,0.8923
natural,idrid,retfound_seed0,0.808,0.8717,0.8955,0.9056,0.8926,0.9206
natural,idrid,retfound_seed1,0.7764,0.861,0.8946,0.8671,0.8006,0.8781
natural,idrid,retfound_seed2,0.7433,0.885,0.895,0.8748,0.8528,0.8974
natural,idrid,retfound_seed3,0.792,0.8904,0.8951,0.8645,0.7975,0.9034
natural,idrid,retfound_seed4,0.6526,0.8244,0.8948,0.8824,0.8804,0.8886
