image,grade,y,part
007-0033-000.jpg,1,0,early_stop
007-0096-000.jpg,1,0,train
007-0106-000.jpg,1,0,train
007-0110-000.jpg,1,0,anchor
007-0338-000.jpg,1,0,early_stop
007-0347-000.jpg,1,0,early_stop
007-0578-000.jpg,1,0,train
007-0629-000.jpg,1,0,train
007-0664-000.jpg,1,0,train
007-0705-000.jpg,1,0,train
007-0708-000.jpg,1,0,early_stop
007-0713-000.jpg,1,0,train
007-0725-000.jpg,1,0,early_stop
007-0820-000.jpg,1,0,early_stop
007-0907-000.jpg,1,0,train
007-1047-000.jpg,1,0,train
007-1076-000.jpg,1,0,train
007-1181-000.jpg,1,0,train
007-1185-000.jpg,1,0,train
007-1210-000.jpg,1,0,train
007-1229-000.jpg,1,0,train
007-1273-000.jpg,1,0,train
007-1329-000.jpg,1,0,anchor
007-1425-000.jpg,1,0,early_stop
007-1501-000.jpg,1,0,anchor
007-1510-000.jpg,1,0,train
007-1755-100.jpg,1,0,train
007-1756-100.jpg,1,0,train
007-1757-100.jpg,1,0,anchor
007-1758-100.jpg,1,0,early_stop
007-1762-100.jpg,1,0,train
007-1769-100.jpg,1,0,train
007-1774-100.jpg,1,0,train
007-1776-100.jpg,1,0,train
007-1777-100.jpg,1,0,train
007-1779-100.jpg,1,0,train
007-1780-100.jpg,1,0,anchor
007-1785-100.jpg,1,0,train
007-1786-100.jpg,1,0,early_stop
007-1787-100.jpg,1,0,train
007-1790-100.jpg,1,0,train
007-1791-100.jpg,1,0,train
007-1795-100.jpg,1,0,train
007-1800-100.jpg,1,0,train
007-1801-100.jpg,1,0,train
007-1802-100.jpg,1,0,train
007-1810-100.jpg,1,0,train
007-1811-100.jpg,1,0,anchor
007-1822-100.jpg,1,0,train
007-1824-100.jpg,1,0,train
007-1825-100.jpg,1,0,early_stop
007-1831-100.jpg,1,0,anchor
007-1835-100.jpg,1,0,early_stop
007-1843-100.jpg,1,0,anchor
007-1846-100.jpg,1,0,train
007-1852-100.jpg,1,0,train
007-1857-100.jpg,1,0,train
007-1865-100.jpg,1,0,anchor
007-1869-100.jpg,1,0,train
007-1870-100.jpg,1,0,train
007-1872-100.jpg,1,0,train
007-1875-100.jpg,1,0,train
007-1877-100.jpg,1,0,train
007-1884-100.jpg,1,0,train
007-1890-100.jpg,1,0,anchor
007-1893-100.jpg,1,0,train
007-1894-100.jpg,1,0,anchor
007-1895-100.jpg,1,0,train
007-1896-100.jpg,1,0,anchor
007-1897-100.jpg,1,0,anchor
007-1900-100.jpg,1,0,anchor
007-1901-100.jpg,1,0,train
007-1902-100.jpg,1,0,early_stop
007-1904-100.jpg,1,0,early_stop
007-1906-100.jpg,1,0,train
007-1908-100.jpg,1,0,early_stop
007-1910-100.jpg,1,0,train
007-1911-100.jpg,1,0,anchor
007-1912-100.jpg,1,0,anchor
007-1913-100.jpg,1,0,train
007-1918-100.jpg,1,0,train
007-1920-100.jpg,1,0,train
007-1924-100.jpg,1,0,train
007-1925-100.jpg,1,0,train
007-1929-100.jpg,1,0,train
007-1933-100.jpg,1,0,early_stop
007-1934-100.jpg,1,0,anchor
007-1936-100.jpg,1,0,train
007-1937-100.jpg,1,0,train
007-1938-100.jpg,1,0,train
007-1939-100.jpg,1,0,train
007-1941-100.jpg,1,0,train
007-1942-100.jpg,1,0,train
007-1943-100.jpg,1,0,early_stop
007-1947-100.jpg,1,0,train
007-1949-100.jpg,1,0,early_stop
007-1950-100.jpg,1,0,train
007-1953-100.jpg,1,0,anchor
007-1959-100.jpg,1,0,early_stop
007-1961-100.jpg,1,0,train
007-1962-100.jpg,1,0,train
007-1963-100.jpg,1,0,train
007-1965-100.jpg,1,0,train
007-1966-100.jpg,1,0,train
007-1967-100.jpg,1,0,anchor
007-1970-100.jpg,1,0,train
007-1971-100.jpg,1,0,train
007-1972-100.jpg,1,0,anchor
007-1974-100.jpg,1,0,train
007-1975-100.jpg,1,0,train
007-1977-100.jpg,1,0,early_stop
007-1978-100.jpg,1,0,train
007-1980-100.jpg,1,0,train
007-1983-100.jpg,1,0,train
007-1985-100.jpg,1,0,train
007-1997-100.jpg,1,0,train
007-2000-100.jpg,1,0,early_stop
007-2003-100.jpg,1,0,train
007-2005-100.jpg,1,0,train
007-2009-100.jpg,1,0,train
007-2010-100.jpg,1,0,train
007-2011-100.jpg,1,0,train
007-2012-100.jpg,1,0,train
007-2013-100.jpg,1,0,train
007-2015-100.jpg,1,0,train
007-2022-100.jpg,1,0,train
007-2025-100.jpg,1,0,train
007-2032-100.jpg,1,0,train
007-2034-100.jpg,1,0,train
007-2041-100.jpg,1,0,train
007-2045-100.jpg,1,0,train
007-2047-100.jpg,1,0,early_stop
007-2049-100.jpg,1,0,train
007-2053-100.jpg,1,0,anchor
007-2067-100.jpg,1,0,train
007-2068-100.jpg,1,0,train
007-2071-100.jpg,1,0,train
007-2074-100.jpg,1,0,train
007-2087-100.jpg,1,0,train
007-2092-100.jpg,1,0,early_stop
007-2093-100.jpg,1,0,anchor
007-2094-100.jpg,1,0,train
007-2096-100.jpg,1,0,early_stop
007-2098-100.jpg,1,0,early_stop
007-2100-100.jpg,1,0,train
007-2101-100.jpg,1,0,train
007-2102-100.jpg,1,0,train
007-2103-100.jpg,1,0,train
007-2104-100.jpg,1,0,train
007-2105-100.jpg,1,0,train
007-2109-100.jpg,1,0,train
007-2110-100.jpg,1,0,train
007-2117-100.jpg,1,0,train
007-2121-100.jpg,1,0,train
007-2124-100.jpg,1,0,anchor
007-2126-100.jpg,1,0,train
007-2127-100.jpg,1,0,train
007-2128-100.jpg,1,0,train
007-2129-100.jpg,1,0,early_stop
007-2134-100.jpg,1,0,anchor
007-2142-100.jpg,1,0,train
007-2147-100.jpg,1,0,train
007-2151-100.jpg,1,0,train
007-2154-100.jpg,1,0,train
007-2155-100.jpg,1,0,anchor
007-2156-100.jpg,1,0,early_stop
007-2157-100.jpg,1,0,train
007-2161-100.jpg,1,0,train
007-2163-100.jpg,1,0,anchor
007-2164-100.jpg,1,0,train
007-2167-100.jpg,1,0,train
007-2168-100.jpg,1,0,train
007-2169-100.jpg,1,0,train
007-2170-100.jpg,1,0,train
007-2171-100.jpg,1,0,train
007-2172-100.jpg,1,0,train
007-2173-100.jpg,1,0,early_stop
007-2182-100.jpg,1,0,anchor
007-2185-100.jpg,1,0,early_stop
007-2186-100.jpg,1,0,train
007-2187-100.jpg,1,0,early_stop
007-2188-100.jpg,1,0,train
007-2201-100.jpg,1,0,anchor
007-2208-100.jpg,1,0,train
007-2211-100.jpg,1,0,anchor
007-2216-100.jpg,1,0,anchor
007-2221-100.jpg,1,0,train
007-2227-100.jpg,1,0,anchor
007-2228-100.jpg,1,0,anchor
007-2231-100.jpg,1,0,early_stop
007-2232-100.jpg,1,0,anchor
007-2234-100.jpg,1,0,train
007-2240-100.jpg,1,0,train
007-2241-100.jpg,1,0,train
007-2246-100.jpg,1,0,train
007-2248-100.jpg,1,0,early_stop
007-2257-100.jpg,1,0,train
007-2259-100.jpg,1,0,train
007-2260-100.jpg,1,0,train
007-2261-100.jpg,1,0,train
007-2262-100.jpg,1,0,anchor
007-2263-100.jpg,1,0,anchor
007-2264-100.jpg,1,0,anchor
007-2267-100.jpg,1,0,early_stop
007-2268-100.jpg,1,0,train
007-2269-100.jpg,1,0,train
007-2273-100.jpg,1,0,early_stop
007-2275-100.jpg,1,0,train
007-2280-100.jpg,1,0,train
007-2281-100.jpg,1,0,anchor
007-2282-100.jpg,1,0,early_stop
007-2283-100.jpg,1,0,train
007-2284-100.jpg,1,0,train
007-2286-100.jpg,1,0,anchor
007-2288-100.jpg,1,0,train
007-2292-100.jpg,1,0,train
007-2293-100.jpg,1,0,early_stop
007-2296-100.jpg,1,0,train
007-2300-100.jpg,1,0,train
007-2302-100.jpg,1,0,anchor
007-2303-100.jpg,1,0,train
007-2305-100.jpg,1,0,early_stop
007-2308-100.jpg,1,0,anchor
007-2313-100.jpg,1,0,train
007-2320-100.jpg,1,0,anchor
007-2322-100.jpg,1,0,train
007-2323-100.jpg,1,0,train
007-2324-100.jpg,1,0,train
007-2329-100.jpg,1,0,anchor
007-2332-100.jpg,1,0,early_stop
007-2333-100.jpg,1,0,early_stop
007-2334-100.jpg,1,0,anchor
007-2336-100.jpg,1,0,train
007-2337-100.jpg,1,0,train
007-2338-100.jpg,1,0,early_stop
007-2341-100.jpg,1,0,train
007-2342-100.jpg,1,0,train
007-2343-100.jpg,1,0,train
007-2347-100.jpg,1,0,anchor
007-2348-100.jpg,1,0,train
007-2349-100.jpg,1,0,train
007-2350-100.jpg,1,0,train
007-2351-100.jpg,1,0,train
007-2357-100.jpg,1,0,train
007-2359-100.jpg,1,0,train
007-2360-100.jpg,1,0,train
007-2362-100.jpg,1,0,train
007-2363-100.jpg,1,0,train
007-2364-100.jpg,1,0,early_stop
007-2366-100.jpg,1,0,early_stop
007-2367-100.jpg,1,0,train
007-2369-100.jpg,1,0,train
007-2371-100.jpg,1,0,train
007-2373-100.jpg,1,0,train
007-2375-100.jpg,1,0,train
007-2376-100.jpg,1,0,train
007-2377-100.jpg,1,0,train
007-2378-100.jpg,1,0,train
007-2380-100.jpg,1,0,train
007-2381-100.jpg,1,0,anchor
007-2386-100.jpg,1,0,train
007-2387-100.jpg,1,0,train
007-2388-100.jpg,1,0,early_stop
007-2389-100.jpg,1,0,early_stop
007-2392-100.jpg,1,0,early_stop
007-2394-100.jpg,1,0,early_stop
007-2396-100.jpg,1,0,anchor
007-2397-100.jpg,1,0,early_stop
007-2399-100.jpg,1,0,train
007-2400-100.jpg,1,0,train
007-2401-100.jpg,1,0,train
007-2404-100.jpg,1,0,early_stop
007-2406-100.jpg,1,0,train
007-2407-100.jpg,1,0,train
007-2409-100.jpg,1,0,train
007-2410-100.jpg,1,0,train
007-2412-100.jpg,1,0,anchor
007-2413-100.jpg,1,0,train
007-2414-100.jpg,1,0,train
007-2415-100.jpg,1,0,train
007-2416-100.jpg,1,0,train
007-2417-100.jpg,1,0,train
007-2427-100.jpg,1,0,anchor
007-2429-100.jpg,1,0,train
007-2430-100.jpg,1,0,train
007-2432-100.jpg,1,0,train
007-2434-100.jpg,1,0,train
007-2435-100.jpg,1,0,train
007-2441-100.jpg,1,0,train
007-2442-100.jpg,1,0,early_stop
007-2443-100.jpg,1,0,train
007-2445-100.jpg,1,0,anchor
007-2451-100.jpg,1,0,anchor
007-2454-100.jpg,1,0,train
007-2455-100.jpg,1,0,train
007-2456-100.jpg,1,0,train
007-2457-100.jpg,1,0,early_stop
007-2458-100.jpg,1,0,anchor
007-2459-100.jpg,1,0,train
007-2461-100.jpg,1,0,train
007-2465-100.jpg,1,0,anchor
007-2468-100.jpg,1,0,train
007-2469-100.jpg,1,0,train
007-2470-100.jpg,1,0,train
007-2472-100.jpg,1,0,train
007-2474-100.jpg,1,0,train
007-2475-100.jpg,1,0,train
007-2476-100.jpg,1,0,train
007-2478-100.jpg,1,0,train
007-2479-100.jpg,1,0,early_stop
007-2480-100.jpg,1,0,train
007-2481-100.jpg,1,0,train
007-2482-100.jpg,1,0,train
007-2485-100.jpg,1,0,train
007-2486-100.jpg,1,0,train
007-0045-000.jpg,2,0,train
007-0093-000.jpg,2,0,anchor
007-0139-000.jpg,2,0,train
007-0144-000.jpg,2,0,early_stop
007-0156-000.jpg,2,0,train
007-0185-000.jpg,2,0,early_stop
007-0228-000.jpg,2,0,anchor
007-0313-000.jpg,2,0,train
007-0354-000.jpg,2,0,train
007-0463-000.jpg,2,0,train
007-0542-000.jpg,2,0,train
007-0555-000.jpg,2,0,anchor
007-0651-000.jpg,2,0,train
007-0657-000.jpg,2,0,train
007-0677-000.jpg,2,0,early_stop
007-0693-000.jpg,2,0,train
007-0699-000.jpg,2,0,early_stop
007-0706-000.jpg,2,0,train
007-0709-000.jpg,2,0,train
007-0714-000.jpg,2,0,early_stop
007-0717-000.jpg,2,0,train
007-0727-000.jpg,2,0,train
007-0730-000.jpg,2,0,train
007-0848-000.jpg,2,0,train
007-0849-000.jpg,2,0,train
007-0851-000.jpg,2,0,train
007-0993-000.jpg,2,0,train
007-1135-000.jpg,2,0,anchor
007-1270-000.jpg,2,0,train
007-1305-000.jpg,2,0,train
007-1309-000.jpg,2,0,train
007-1319-000.jpg,2,0,train
007-1321-000.jpg,2,0,anchor
007-1350-000.jpg,2,0,train
007-1355-000.jpg,2,0,train
007-1399-000.jpg,2,0,train
007-1437-000.jpg,2,0,train
007-1462-000.jpg,2,0,train
007-1476-000.jpg,2,0,train
007-1505-000.jpg,2,0,anchor
007-1556-000.jpg,2,0,early_stop
007-1652-000.jpg,2,0,train
007-1653-000.jpg,2,0,train
007-1662-000.jpg,2,0,train
007-1689-000.jpg,2,0,train
007-1753-100.jpg,2,0,train
007-1754-100.jpg,2,0,train
007-1760-100.jpg,2,0,train
007-1761-100.jpg,2,0,train
007-1764-100.jpg,2,0,anchor
007-1765-100.jpg,2,0,early_stop
007-1766-100.jpg,2,0,train
007-1767-100.jpg,2,0,train
007-1768-100.jpg,2,0,anchor
007-1770-100.jpg,2,0,early_stop
007-1771-100.jpg,2,0,train
007-1773-100.jpg,2,0,early_stop
007-1778-100.jpg,2,0,train
007-1781-100.jpg,2,0,early_stop
007-1782-100.jpg,2,0,train
007-1784-100.jpg,2,0,train
007-1788-100.jpg,2,0,anchor
007-1789-100.jpg,2,0,train
007-1793-100.jpg,2,0,anchor
007-1798-100.jpg,2,0,train
007-1804-100.jpg,2,0,train
007-1807-100.jpg,2,0,train
007-1808-100.jpg,2,0,early_stop
007-1809-100.jpg,2,0,train
007-1812-100.jpg,2,0,train
007-1813-100.jpg,2,0,train
007-1814-100.jpg,2,0,early_stop
007-1815-100.jpg,2,0,train
007-1816-100.jpg,2,0,anchor
007-1817-100.jpg,2,0,train
007-1818-100.jpg,2,0,train
007-1819-100.jpg,2,0,train
007-1820-100.jpg,2,0,train
007-1821-100.jpg,2,0,train
007-1823-100.jpg,2,0,train
007-1826-100.jpg,2,0,anchor
007-1827-100.jpg,2,0,train
007-1828-100.jpg,2,0,anchor
007-1829-100.jpg,2,0,train
007-1830-100.jpg,2,0,anchor
007-1833-100.jpg,2,0,train
007-1834-100.jpg,2,0,early_stop
007-1836-100.jpg,2,0,anchor
007-1837-100.jpg,2,0,train
007-1838-100.jpg,2,0,train
007-1839-100.jpg,2,0,train
007-1840-100.jpg,2,0,train
007-1842-100.jpg,2,0,train
007-1844-100.jpg,2,0,train
007-1847-100.jpg,2,0,train
007-1851-100.jpg,2,0,train
007-1853-100.jpg,2,0,train
007-1854-100.jpg,2,0,anchor
007-1855-100.jpg,2,0,train
007-1856-100.jpg,2,0,train
007-1861-100.jpg,2,0,train
007-1862-100.jpg,2,0,anchor
007-1867-100.jpg,2,0,anchor
007-1871-100.jpg,2,0,train
007-1873-100.jpg,2,0,anchor
007-1876-100.jpg,2,0,anchor
007-1878-100.jpg,2,0,anchor
007-1879-100.jpg,2,0,anchor
007-1880-100.jpg,2,0,train
007-1881-100.jpg,2,0,train
007-1882-100.jpg,2,0,train
007-1883-100.jpg,2,0,train
007-1887-100.jpg,2,0,train
007-1889-100.jpg,2,0,train
007-1898-100.jpg,2,0,train
007-1899-100.jpg,2,0,train
007-1905-100.jpg,2,0,train
007-1907-100.jpg,2,0,anchor
007-1909-100.jpg,2,0,train
007-1914-100.jpg,2,0,early_stop
007-1915-100.jpg,2,0,train
007-1921-100.jpg,2,0,train
007-1922-100.jpg,2,0,anchor
007-1923-100.jpg,2,0,anchor
007-1926-100.jpg,2,0,train
007-1927-100.jpg,2,0,train
007-1928-100.jpg,2,0,train
007-1931-100.jpg,2,0,train
007-1932-100.jpg,2,0,train
007-1940-100.jpg,2,0,train
007-1946-100.jpg,2,0,anchor
007-1951-100.jpg,2,0,train
007-1952-100.jpg,2,0,early_stop
007-1955-100.jpg,2,0,train
007-1956-100.jpg,2,0,train
007-1957-100.jpg,2,0,early_stop
007-1969-100.jpg,2,0,train
007-1973-100.jpg,2,0,train
007-1976-100.jpg,2,0,train
007-1979-100.jpg,2,0,early_stop
007-1984-100.jpg,2,0,train
007-1986-100.jpg,2,0,train
007-1987-100.jpg,2,0,anchor
007-1988-100.jpg,2,0,train
007-1989-100.jpg,2,0,train
007-1990-100.jpg,2,0,train
007-1991-100.jpg,2,0,train
007-1994-100.jpg,2,0,anchor
007-1996-100.jpg,2,0,train
007-1998-100.jpg,2,0,train
007-2004-100.jpg,2,0,train
007-2006-100.jpg,2,0,train
007-2007-100.jpg,2,0,train
007-2008-100.jpg,2,0,train
007-2018-100.jpg,2,0,train
007-2019-100.jpg,2,0,anchor
007-2020-100.jpg,2,0,train
007-2021-100.jpg,2,0,train
007-2023-100.jpg,2,0,train
007-2024-100.jpg,2,0,train
007-2027-100.jpg,2,0,early_stop
007-2028-100.jpg,2,0,train
007-2029-100.jpg,2,0,train
007-2030-100.jpg,2,0,early_stop
007-2031-100.jpg,2,0,train
007-2033-100.jpg,2,0,anchor
007-2035-100.jpg,2,0,train
007-2036-100.jpg,2,0,train
007-2037-100.jpg,2,0,train
007-2038-100.jpg,2,0,train
007-2039-100.jpg,2,0,train
007-2042-100.jpg,2,0,train
007-2043-100.jpg,2,0,train
007-2044-100.jpg,2,0,early_stop
007-2046-100.jpg,2,0,early_stop
007-2048-100.jpg,2,0,anchor
007-2050-100.jpg,2,0,early_stop
007-2051-100.jpg,2,0,train
007-2052-100.jpg,2,0,train
007-2054-100.jpg,2,0,train
007-2055-100.jpg,2,0,train
007-2056-100.jpg,2,0,train
007-2057-100.jpg,2,0,train
007-2058-100.jpg,2,0,early_stop
007-2060-100.jpg,2,0,train
007-2070-100.jpg,2,0,train
007-2076-100.jpg,2,0,train
007-2078-100.jpg,2,0,train
007-2079-100.jpg,2,0,early_stop
007-2080-100.jpg,2,0,train
007-2081-100.jpg,2,0,train
007-2082-100.jpg,2,0,train
007-2083-100.jpg,2,0,train
007-2084-100.jpg,2,0,early_stop
007-2085-100.jpg,2,0,train
007-2086-100.jpg,2,0,train
007-2088-100.jpg,2,0,train
007-2089-100.jpg,2,0,train
007-2090-100.jpg,2,0,train
007-2091-100.jpg,2,0,train
007-2095-100.jpg,2,0,anchor
007-2099-100.jpg,2,0,early_stop
007-2106-100.jpg,2,0,anchor
007-2107-100.jpg,2,0,train
007-2108-100.jpg,2,0,train
007-2111-100.jpg,2,0,train
007-2112-100.jpg,2,0,train
007-2113-100.jpg,2,0,train
007-2114-100.jpg,2,0,train
007-2115-100.jpg,2,0,train
007-2118-100.jpg,2,0,train
007-2119-100.jpg,2,0,train
007-2122-100.jpg,2,0,train
007-2123-100.jpg,2,0,train
007-2125-100.jpg,2,0,train
007-2132-100.jpg,2,0,anchor
007-2133-100.jpg,2,0,train
007-2138-100.jpg,2,0,train
007-2139-100.jpg,2,0,train
007-2143-100.jpg,2,0,anchor
007-2145-100.jpg,2,0,train
007-2146-100.jpg,2,0,early_stop
007-2149-100.jpg,2,0,train
007-2150-100.jpg,2,0,train
007-2152-100.jpg,2,0,train
007-2158-100.jpg,2,0,train
007-2160-100.jpg,2,0,train
007-2166-100.jpg,2,0,train
007-2174-100.jpg,2,0,train
007-2175-100.jpg,2,0,early_stop
007-2178-100.jpg,2,0,early_stop
007-2179-100.jpg,2,0,train
007-2181-100.jpg,2,0,anchor
007-2184-100.jpg,2,0,train
007-2200-100.jpg,2,0,anchor
007-2210-100.jpg,2,0,anchor
007-2212-100.jpg,2,0,anchor
007-2213-100.jpg,2,0,train
007-2214-100.jpg,2,0,train
007-2215-100.jpg,2,0,train
007-2218-100.jpg,2,0,anchor
007-2219-100.jpg,2,0,train
007-2220-100.jpg,2,0,train
007-2222-100.jpg,2,0,train
007-2224-100.jpg,2,0,early_stop
007-2229-100.jpg,2,0,train
007-2230-100.jpg,2,0,train
007-2235-100.jpg,2,0,train
007-2238-100.jpg,2,0,train
007-2239-100.jpg,2,0,early_stop
007-2242-100.jpg,2,0,train
007-2243-100.jpg,2,0,train
007-2245-100.jpg,2,0,train
007-2249-100.jpg,2,0,train
007-2250-100.jpg,2,0,train
007-2252-100.jpg,2,0,train
007-2253-100.jpg,2,0,train
007-2255-100.jpg,2,0,train
007-2258-100.jpg,2,0,train
007-2266-100.jpg,2,0,train
007-2270-100.jpg,2,0,early_stop
007-2271-100.jpg,2,0,anchor
007-2272-100.jpg,2,0,train
007-2276-100.jpg,2,0,train
007-2278-100.jpg,2,0,train
007-2279-100.jpg,2,0,train
007-2285-100.jpg,2,0,train
007-2287-100.jpg,2,0,train
007-2290-100.jpg,2,0,train
007-2291-100.jpg,2,0,train
007-2294-100.jpg,2,0,train
007-2295-100.jpg,2,0,train
007-2297-100.jpg,2,0,anchor
007-2298-100.jpg,2,0,train
007-2299-100.jpg,2,0,anchor
007-2301-100.jpg,2,0,anchor
007-2304-100.jpg,2,0,train
007-2307-100.jpg,2,0,train
007-2310-100.jpg,2,0,train
007-2311-100.jpg,2,0,train
007-2312-100.jpg,2,0,train
007-2314-100.jpg,2,0,train
007-2315-100.jpg,2,0,train
007-2316-100.jpg,2,0,train
007-2317-100.jpg,2,0,train
007-2318-100.jpg,2,0,anchor
007-2319-100.jpg,2,0,train
007-2321-100.jpg,2,0,anchor
007-2325-100.jpg,2,0,train
007-2326-100.jpg,2,0,train
007-2327-100.jpg,2,0,anchor
007-2328-100.jpg,2,0,train
007-2330-100.jpg,2,0,train
007-2331-100.jpg,2,0,anchor
007-2335-100.jpg,2,0,train
007-2339-100.jpg,2,0,train
007-2340-100.jpg,2,0,train
007-2344-100.jpg,2,0,train
007-2345-100.jpg,2,0,train
007-2346-100.jpg,2,0,early_stop
007-2353-100.jpg,2,0,train
007-2354-100.jpg,2,0,train
007-2355-100.jpg,2,0,train
007-2356-100.jpg,2,0,anchor
007-2365-100.jpg,2,0,train
007-2372-100.jpg,2,0,train
007-2374-100.jpg,2,0,train
007-2379-100.jpg,2,0,early_stop
007-2382-100.jpg,2,0,anchor
007-2383-100.jpg,2,0,early_stop
007-2384-100.jpg,2,0,train
007-2385-100.jpg,2,0,train
007-2390-100.jpg,2,0,anchor
007-2391-100.jpg,2,0,early_stop
007-2393-100.jpg,2,0,train
007-2395-100.jpg,2,0,train
007-2398-100.jpg,2,0,early_stop
007-2402-100.jpg,2,0,early_stop
007-2403-100.jpg,2,0,train
007-2405-100.jpg,2,0,anchor
007-2408-100.jpg,2,0,train
007-2418-100.jpg,2,0,train
007-2419-100.jpg,2,0,train
007-2421-100.jpg,2,0,train
007-2422-100.jpg,2,0,train
007-2424-100.jpg,2,0,early_stop
007-2425-100.jpg,2,0,train
007-2426-100.jpg,2,0,train
007-2428-100.jpg,2,0,train
007-2431-100.jpg,2,0,train
007-2433-100.jpg,2,0,train
007-2436-100.jpg,2,0,train
007-2437-100.jpg,2,0,train
007-2438-100.jpg,2,0,anchor
007-2439-100.jpg,2,0,train
007-2440-100.jpg,2,0,train
007-2444-100.jpg,2,0,early_stop
007-2446-100.jpg,2,0,train
007-2447-100.jpg,2,0,train
007-2448-100.jpg,2,0,train
007-2449-100.jpg,2,0,anchor
007-2450-100.jpg,2,0,train
007-2452-100.jpg,2,0,anchor
007-2453-100.jpg,2,0,train
007-2460-100.jpg,2,0,early_stop
007-2462-100.jpg,2,0,anchor
007-2463-100.jpg,2,0,train
007-2464-100.jpg,2,0,train
007-2466-100.jpg,2,0,train
007-2467-100.jpg,2,0,early_stop
007-2471-100.jpg,2,0,train
007-2473-100.jpg,2,0,early_stop
007-2477-100.jpg,2,0,train
007-2483-100.jpg,2,0,train
007-2484-100.jpg,2,0,anchor
007-2487-100.jpg,2,0,train
007-2488-100.jpg,2,0,train
007-2490-100.jpg,2,0,train
007-2491-100.jpg,2,0,train
007-2494-100.jpg,2,0,train
007-2495-100.jpg,2,0,train
007-2496-100.jpg,2,0,train
007-2499-100.jpg,2,0,early_stop
007-2502-100.jpg,2,0,train
007-2506-100.jpg,2,0,early_stop
007-2507-100.jpg,2,0,train
007-2510-100.jpg,2,0,train
007-2511-100.jpg,2,0,early_stop
007-2513-100.jpg,2,0,train
007-2515-100.jpg,2,0,early_stop
007-2517-100.jpg,2,0,train
007-2525-100.jpg,2,0,early_stop
007-2530-100.jpg,2,0,train
007-2531-100.jpg,2,0,train
007-2534-100.jpg,2,0,train
007-2535-100.jpg,2,0,train
007-2536-100.jpg,2,0,anchor
007-2537-100.jpg,2,0,train
007-2538-100.jpg,2,0,train
007-2541-100.jpg,2,0,train
007-2544-100.jpg,2,0,train
007-2545-100.jpg,2,0,train
007-2548-100.jpg,2,0,train
007-2552-100.jpg,2,0,train
007-2555-100.jpg,2,0,train
007-2556-100.jpg,2,0,train
007-2558-100.jpg,2,0,anchor
007-2562-100.jpg,2,0,train
007-2563-100.jpg,2,0,early_stop
007-2564-100.jpg,2,0,train
007-2565-100.jpg,2,0,anchor
007-2571-100.jpg,2,0,early_stop
007-2574-100.jpg,2,0,train
007-2576-100.jpg,2,0,train
007-2579-100.jpg,2,0,train
007-2580-100.jpg,2,0,train
007-2582-100.jpg,2,0,train
007-2584-100.jpg,2,0,train
007-2585-100.jpg,2,0,train
007-2586-100.jpg,2,0,train
007-2589-100.jpg,2,0,train
007-2590-100.jpg,2,0,anchor
007-2591-100.jpg,2,0,train
007-2592-100.jpg,2,0,train
007-2593-100.jpg,2,0,train
007-2594-100.jpg,2,0,train
007-2597-100.jpg,2,0,anchor
007-2598-100.jpg,2,0,early_stop
007-2601-100.jpg,2,0,train
007-2603-100.jpg,2,0,anchor
007-2604-100.jpg,2,0,train
007-2605-100.jpg,2,0,train
007-2609-100.jpg,2,0,train
007-2610-100.jpg,2,0,anchor
007-2611-100.jpg,2,0,train
007-2612-100.jpg,2,0,early_stop
007-2613-100.jpg,2,0,train
007-2614-100.jpg,2,0,train
007-2615-100.jpg,2,0,early_stop
007-2618-100.jpg,2,0,train
007-2620-100.jpg,2,0,train
007-2624-100.jpg,2,0,train
007-2627-100.jpg,2,0,early_stop
007-2628-100.jpg,2,0,train
007-2631-100.jpg,2,0,train
007-2635-100.jpg,2,0,train
007-2640-100.jpg,2,0,train
007-2641-100.jpg,2,0,train
007-2642-100.jpg,2,0,early_stop
007-2643-100.jpg,2,0,anchor
007-2645-100.jpg,2,0,train
007-2649-100.jpg,2,0,train
007-2651-100.jpg,2,0,train
007-2652-100.jpg,2,0,train
007-2653-100.jpg,2,0,anchor
007-2654-100.jpg,2,0,anchor
007-2655-100.jpg,2,0,train
007-2658-100.jpg,2,0,train
007-2659-100.jpg,2,0,train
007-2660-100.jpg,2,0,early_stop
007-2661-100.jpg,2,0,train
007-2662-100.jpg,2,0,train
007-2663-100.jpg,2,0,train
007-2664-100.jpg,2,0,train
007-2667-100.jpg,2,0,train
007-2668-100.jpg,2,0,train
007-2671-100.jpg,2,0,early_stop
007-2673-100.jpg,2,0,anchor
007-2675-100.jpg,2,0,train
007-2676-100.jpg,2,0,train
007-2678-100.jpg,2,0,anchor
007-2679-100.jpg,2,0,early_stop
007-2680-100.jpg,2,0,train
007-2686-100.jpg,2,0,anchor
007-2687-100.jpg,2,0,train
007-2688-100.jpg,2,0,train
007-2690-100.jpg,2,0,early_stop
007-2693-100.jpg,2,0,train
007-2698-100.jpg,2,0,train
007-2699-100.jpg,2,0,train
007-2701-100.jpg,2,0,train
007-2708-100.jpg,2,0,train
007-2709-100.jpg,2,0,train
007-2713-100.jpg,2,0,train
007-2714-100.jpg,2,0,early_stop
007-2718-100.jpg,2,0,train
007-2724-100.jpg,2,0,train
007-2727-100.jpg,2,0,anchor
007-2732-100.jpg,2,0,train
007-2735-100.jpg,2,0,train
007-2736-100.jpg,2,0,anchor
007-2737-100.jpg,2,0,early_stop
007-2741-100.jpg,2,0,anchor
007-2742-100.jpg,2,0,train
007-2746-100.jpg,2,0,early_stop
007-2747-100.jpg,2,0,train
007-2749-100.jpg,2,0,early_stop
007-2753-100.jpg,2,0,train
007-2754-100.jpg,2,0,train
007-2758-100.jpg,2,0,early_stop
007-2759-100.jpg,2,0,early_stop
007-2762-100.jpg,2,0,train
007-2763-100.jpg,2,0,train
007-2765-100.jpg,2,0,train
007-2767-100.jpg,2,0,train
007-2773-100.jpg,2,0,train
007-2774-100.jpg,2,0,train
007-2775-100.jpg,2,0,early_stop
007-2778-100.jpg,2,0,train
007-2779-100.jpg,2,0,train
007-2780-100.jpg,2,0,anchor
007-2783-100.jpg,2,0,train
007-2784-100.jpg,2,0,train
007-2789-100.jpg,2,0,train
007-2791-100.jpg,2,0,train
007-2792-100.jpg,2,0,anchor
007-2793-100.jpg,2,0,train
007-2794-100.jpg,2,0,anchor
007-2796-100.jpg,2,0,train
007-2797-100.jpg,2,0,train
007-2799-100.jpg,2,0,train
007-2800-100.jpg,2,0,early_stop
007-2803-100.jpg,2,0,train
007-2804-100.jpg,2,0,train
007-2806-100.jpg,2,0,early_stop
007-2807-100.jpg,2,0,train
007-2810-100.jpg,2,0,train
007-2813-100.jpg,2,0,train
007-2816-100.jpg,2,0,train
007-2817-100.jpg,2,0,train
007-2818-100.jpg,2,0,anchor
007-2819-100.jpg,2,0,train
007-2820-100.jpg,2,0,anchor
007-2821-100.jpg,2,0,train
007-2822-100.jpg,2,0,train
007-2826-100.jpg,2,0,train
007-2827-100.jpg,2,0,train
007-2832-100.jpg,2,0,train
007-2833-100.jpg,2,0,train
007-2838-100.jpg,2,0,train
007-2847-100.jpg,2,0,early_stop
007-2849-100.jpg,2,0,train
007-2851-100.jpg,2,0,train
007-2853-100.jpg,2,0,anchor
007-2855-100.jpg,2,0,train
007-2858-100.jpg,2,0,anchor
007-2860-100.jpg,2,0,anchor
007-2861-100.jpg,2,0,train
007-2864-100.jpg,2,0,train
007-2868-100.jpg,2,0,early_stop
007-2869-100.jpg,2,0,train
007-2870-100.jpg,2,0,train
007-2881-100.jpg,2,0,train
007-2887-100.jpg,2,0,train
007-2888-100.jpg,2,0,train
007-2893-100.jpg,2,0,train
007-2894-100.jpg,2,0,train
007-2895-100.jpg,2,0,train
007-2896-100.jpg,2,0,anchor
007-2897-100.jpg,2,0,train
007-2898-100.jpg,2,0,early_stop
007-2899-100.jpg,2,0,early_stop
007-2900-100.jpg,2,0,train
007-2901-100.jpg,2,0,train
007-2909-100.jpg,2,0,train
007-2910-100.jpg,2,0,train
007-2912-100.jpg,2,0,train
007-2914-100.jpg,2,0,early_stop
007-2915-100.jpg,2,0,train
007-2916-100.jpg,2,0,anchor
007-2918-100.jpg,2,0,train
007-2919-100.jpg,2,0,early_stop
007-2921-100.jpg,2,0,early_stop
007-2923-100.jpg,2,0,train
007-2924-100.jpg,2,0,train
007-2925-100.jpg,2,0,train
007-2927-100.jpg,2,0,early_stop
007-2928-100.jpg,2,0,train
007-2929-100.jpg,2,0,train
007-2930-100.jpg,2,0,early_stop
007-2931-100.jpg,2,0,train
007-2932-100.jpg,2,0,train
007-2933-100.jpg,2,0,train
007-2934-100.jpg,2,0,train
007-2935-100.jpg,2,0,anchor
007-2939-100.jpg,2,0,train
007-2940-100.jpg,2,0,train
007-2944-100.jpg,2,0,train
007-2946-100.jpg,2,0,train
007-2948-100.jpg,2,0,train
007-2949-100.jpg,2,0,anchor
007-2950-100.jpg,2,0,train
007-2951-100.jpg,2,0,train
007-2952-100.jpg,2,0,early_stop
007-2954-100.jpg,2,0,train
007-2955-100.jpg,2,0,anchor
007-2956-100.jpg,2,0,train
007-2957-100.jpg,2,0,train
007-2964-100.jpg,2,0,anchor
007-2965-100.jpg,2,0,anchor
007-2967-100.jpg,2,0,train
007-2969-100.jpg,2,0,train
007-2970-100.jpg,2,0,train
007-2974-100.jpg,2,0,anchor
007-2975-100.jpg,2,0,train
007-2977-100.jpg,2,0,early_stop
007-2978-100.jpg,2,0,train
007-2979-100.jpg,2,0,train
007-2980-100.jpg,2,0,train
007-2984-100.jpg,2,0,train
007-2989-100.jpg,2,0,train
007-2991-100.jpg,2,0,train
007-2992-100.jpg,2,0,train
007-2993-100.jpg,2,0,train
007-2994-100.jpg,2,0,train
007-2997-100.jpg,2,0,early_stop
007-2999-100.jpg,2,0,train
007-3000-100.jpg,2,0,train
007-3002-100.jpg,2,0,early_stop
007-3004-100.jpg,2,0,train
007-3005-100.jpg,2,0,train
007-3007-100.jpg,2,0,anchor
007-3010-100.jpg,2,0,anchor
007-3012-100.jpg,2,0,train
007-3013-100.jpg,2,0,anchor
007-3014-100.jpg,2,0,train
007-3015-100.jpg,2,0,early_stop
007-3016-100.jpg,2,0,anchor
007-3017-100.jpg,2,0,anchor
007-3018-100.jpg,2,0,train
007-3024-100.jpg,2,0,train
007-3025-100.jpg,2,0,train
007-3026-100.jpg,2,0,train
007-3028-100.jpg,2,0,train
007-3030-100.jpg,2,0,train
007-3031-100.jpg,2,0,train
007-3035-100.jpg,2,0,train
007-3046-100.jpg,2,0,train
007-3049-100.jpg,2,0,anchor
007-3054-100.jpg,2,0,train
007-3055-100.jpg,2,0,train
007-3056-100.jpg,2,0,train
007-3057-100.jpg,2,0,anchor
007-3058-100.jpg,2,0,train
007-3060-100.jpg,2,0,train
007-3063-100.jpg,2,0,train
007-3066-100.jpg,2,0,train
007-3067-100.jpg,2,0,train
007-3070-100.jpg,2,0,train
007-3071-100.jpg,2,0,train
007-3072-100.jpg,2,0,train
007-3073-100.jpg,2,0,train
007-3074-100.jpg,2,0,train
007-3076-100.jpg,2,0,anchor
007-3077-100.jpg,2,0,train
007-3078-100.jpg,2,0,train
007-3079-100.jpg,2,0,train
007-3080-100.jpg,2,0,early_stop
007-3086-100.jpg,2,0,train
007-3087-100.jpg,2,0,train
007-3091-100.jpg,2,0,train
007-3092-100.jpg,2,0,anchor
007-3093-100.jpg,2,0,anchor
007-3097-100.jpg,2,0,anchor
007-3099-100.jpg,2,0,anchor
007-3106-100.jpg,2,0,early_stop
007-3108-100.jpg,2,0,train
007-3109-100.jpg,2,0,early_stop
007-3110-100.jpg,2,0,train
007-3111-100.jpg,2,0,train
007-3112-100.jpg,2,0,anchor
007-3117-100.jpg,2,0,train
007-3123-100.jpg,2,0,train
007-3126-100.jpg,2,0,train
007-3127-100.jpg,2,0,train
007-3129-100.jpg,2,0,train
007-3130-100.jpg,2,0,train
007-3133-100.jpg,2,0,early_stop
007-3134-100.jpg,2,0,train
007-3135-100.jpg,2,0,train
007-3136-100.jpg,2,0,anchor
007-3137-100.jpg,2,0,train
007-3139-100.jpg,2,0,train
007-3141-100.jpg,2,0,train
007-3142-100.jpg,2,0,train
007-3143-100.jpg,2,0,early_stop
007-3144-100.jpg,2,0,train
007-3145-100.jpg,2,0,train
007-3147-100.jpg,2,0,train
007-3148-100.jpg,2,0,anchor
007-3149-100.jpg,2,0,train
007-3150-100.jpg,2,0,anchor
007-3151-100.jpg,2,0,train
007-3152-100.jpg,2,0,anchor
007-3153-100.jpg,2,0,train
007-3154-100.jpg,2,0,early_stop
007-3155-100.jpg,2,0,train
007-3156-100.jpg,2,0,train
007-3159-100.jpg,2,0,early_stop
007-3162-100.jpg,2,0,train
007-3163-100.jpg,2,0,train
007-3164-100.jpg,2,0,train
007-3165-100.jpg,2,0,anchor
007-3166-100.jpg,2,0,early_stop
007-3168-100.jpg,2,0,train
007-3171-100.jpg,2,0,train
007-3175-100.jpg,2,0,train
007-3177-100.jpg,2,0,train
007-3178-100.jpg,2,0,train
007-3182-100.jpg,2,0,anchor
007-3183-100.jpg,2,0,train
007-3186-100.jpg,2,0,anchor
007-3187-100.jpg,2,0,train
007-3188-100.jpg,2,0,train
007-3190-100.jpg,2,0,train
007-3194-100.jpg,2,0,train
007-3195-100.jpg,2,0,early_stop
007-3198-100.jpg,2,0,train
007-3199-100.jpg,2,0,train
007-3203-100.jpg,2,0,train
007-3204-100.jpg,2,0,train
007-3206-100.jpg,2,0,train
007-3208-100.jpg,2,0,train
007-3211-100.jpg,2,0,train
007-3214-100.jpg,2,0,early_stop
007-3215-100.jpg,2,0,train
007-3219-100.jpg,2,0,train
007-3220-100.jpg,2,0,early_stop
007-3224-100.jpg,2,0,train
007-3227-100.jpg,2,0,train
007-3228-100.jpg,2,0,train
007-3229-100.jpg,2,0,train
007-3230-100.jpg,2,0,train
007-3232-100.jpg,2,0,train
007-3233-100.jpg,2,0,anchor
007-3234-100.jpg,2,0,train
007-3235-100.jpg,2,0,train
007-3236-100.jpg,2,0,train
007-3241-100.jpg,2,0,train
007-3243-100.jpg,2,0,train
007-3247-100.jpg,2,0,early_stop
007-3249-100.jpg,2,0,train
007-3252-100.jpg,2,0,train
007-3257-100.jpg,2,0,early_stop
007-3258-100.jpg,2,0,train
007-3265-100.jpg,2,0,train
007-3266-100.jpg,2,0,train
007-3269-100.jpg,2,0,train
007-3274-100.jpg,2,0,anchor
007-3277-100.jpg,2,0,train
007-3279-200.jpg,2,0,train
007-3280-200.jpg,2,0,train
007-3281-200.jpg,2,0,train
007-3282-200.jpg,2,0,train
007-3283-200.jpg,2,0,anchor
007-3284-200.jpg,2,0,train
007-3285-200.jpg,2,0,anchor
007-3287-200.jpg,2,0,anchor
007-3288-200.jpg,2,0,train
007-3289-200.jpg,2,0,train
007-3290-200.jpg,2,0,anchor
007-3291-200.jpg,2,0,train
007-3292-200.jpg,2,0,train
007-3293-200.jpg,2,0,early_stop
007-3294-200.jpg,2,0,train
007-3295-200.jpg,2,0,train
007-3296-200.jpg,2,0,anchor
007-3297-200.jpg,2,0,train
007-3298-200.jpg,2,0,train
007-3299-200.jpg,2,0,anchor
007-3300-200.jpg,2,0,anchor
007-3301-200.jpg,2,0,train
007-3302-200.jpg,2,0,train
007-3303-200.jpg,2,0,train
007-3304-200.jpg,2,0,early_stop
007-3305-200.jpg,2,0,anchor
007-3306-200.jpg,2,0,train
007-3307-200.jpg,2,0,train
007-3308-200.jpg,2,0,anchor
007-3309-200.jpg,2,0,train
007-3310-200.jpg,2,0,train
007-3311-200.jpg,2,0,early_stop
007-3312-200.jpg,2,0,early_stop
007-3313-200.jpg,2,0,anchor
007-3314-200.jpg,2,0,train
007-3315-200.jpg,2,0,train
007-3316-200.jpg,2,0,train
007-3317-200.jpg,2,0,early_stop
007-3318-200.jpg,2,0,train
007-3319-200.jpg,2,0,anchor
007-3320-200.jpg,2,0,early_stop
007-3321-200.jpg,2,0,train
007-3323-200.jpg,2,0,anchor
007-3324-200.jpg,2,0,train
007-3325-200.jpg,2,0,train
007-3326-200.jpg,2,0,train
007-3327-200.jpg,2,0,train
007-3328-200.jpg,2,0,train
007-3329-200.jpg,2,0,train
007-3330-200.jpg,2,0,anchor
007-3331-200.jpg,2,0,train
007-3332-200.jpg,2,0,train
007-3333-200.jpg,2,0,train
007-3334-200.jpg,2,0,early_stop
007-3335-200.jpg,2,0,train
007-3336-200.jpg,2,0,train
007-3337-200.jpg,2,0,train
007-3338-200.jpg,2,0,train
007-3339-200.jpg,2,0,anchor
007-3340-200.jpg,2,0,train
007-3341-200.jpg,2,0,anchor
007-3342-200.jpg,2,0,train
007-3343-200.jpg,2,0,early_stop
007-3344-200.jpg,2,0,train
007-3345-200.jpg,2,0,train
007-3346-200.jpg,2,0,train
007-3347-200.jpg,2,0,train
007-3348-200.jpg,2,0,train
007-3349-200.jpg,2,0,train
007-3350-200.jpg,2,0,train
007-3351-200.jpg,2,0,train
007-3352-200.jpg,2,0,train
007-3353-200.jpg,2,0,early_stop
007-3354-200.jpg,2,0,train
007-3355-200.jpg,2,0,early_stop
007-3357-200.jpg,2,0,train
007-3358-200.jpg,2,0,anchor
007-3361-200.jpg,2,0,early_stop
007-3362-200.jpg,2,0,anchor
007-3365-200.jpg,2,0,train
007-3368-200.jpg,2,0,train
007-3369-200.jpg,2,0,train
007-3370-200.jpg,2,0,train
007-3372-200.jpg,2,0,train
007-3375-200.jpg,2,0,train
007-3376-200.jpg,2,0,train
007-3377-200.jpg,2,0,train
007-3378-200.jpg,2,0,anchor
007-3379-200.jpg,2,0,train
007-3380-200.jpg,2,0,anchor
007-3381-200.jpg,2,0,train
007-3382-200.jpg,2,0,early_stop
007-3383-200.jpg,2,0,train
007-3384-200.jpg,2,0,train
007-3385-200.jpg,2,0,train
007-3386-200.jpg,2,0,train
007-3387-200.jpg,2,0,train
007-3388-200.jpg,2,0,train
007-3389-200.jpg,2,0,train
007-3390-200.jpg,2,0,train
007-3391-200.jpg,2,0,train
007-3392-200.jpg,2,0,early_stop
007-3393-200.jpg,2,0,train
007-3394-200.jpg,2,0,train
007-3395-200.jpg,2,0,train
007-3396-200.jpg,2,0,train
007-3397-200.jpg,2,0,train
007-3398-200.jpg,2,0,train
007-3399-200.jpg,2,0,anchor
007-3400-200.jpg,2,0,train
007-3401-200.jpg,2,0,train
007-3402-200.jpg,2,0,train
007-3403-200.jpg,2,0,train
007-3404-200.jpg,2,0,train
007-3405-200.jpg,2,0,early_stop
007-3406-200.jpg,2,0,train
007-3407-200.jpg,2,0,anchor
007-3408-200.jpg,2,0,anchor
007-3409-200.jpg,2,0,train
007-3410-200.jpg,2,0,anchor
007-3411-200.jpg,2,0,train
007-3412-200.jpg,2,0,train
007-3413-200.jpg,2,0,train
007-3414-200.jpg,2,0,early_stop
007-3415-200.jpg,2,0,train
007-3416-200.jpg,2,0,train
007-3417-200.jpg,2,0,train
007-3418-200.jpg,2,0,train
007-3419-200.jpg,2,0,train
007-3420-200.jpg,2,0,train
007-3421-200.jpg,2,0,anchor
007-3422-200.jpg,2,0,train
007-3423-200.jpg,2,0,train
007-3424-200.jpg,2,0,train
007-3425-200.jpg,2,0,train
007-3426-200.jpg,2,0,train
007-3427-200.jpg,2,0,train
007-3428-200.jpg,2,0,train
007-3429-200.jpg,2,0,train
007-3430-200.jpg,2,0,train
007-3431-200.jpg,2,0,anchor
007-3432-200.jpg,2,0,train
007-3433-200.jpg,2,0,anchor
007-3434-200.jpg,2,0,train
007-3435-200.jpg,2,0,train
007-3436-200.jpg,2,0,train
007-3437-200.jpg,2,0,train
007-3438-200.jpg,2,0,train
007-3439-200.jpg,2,0,anchor
007-3440-200.jpg,2,0,early_stop
007-3441-200.jpg,2,0,train
007-3442-200.jpg,2,0,train
007-3443-200.jpg,2,0,train
007-3444-200.jpg,2,0,train
007-3445-200.jpg,2,0,train
007-3446-200.jpg,2,0,train
007-3448-200.jpg,2,0,train
007-3449-200.jpg,2,0,train
007-3451-200.jpg,2,0,train
007-3452-200.jpg,2,0,early_stop
007-3453-200.jpg,2,0,train
007-3454-200.jpg,2,0,train
007-3455-200.jpg,2,0,train
007-3456-200.jpg,2,0,train
007-3457-200.jpg,2,0,train
007-3458-200.jpg,2,0,train
007-3459-200.jpg,2,0,train
007-3460-200.jpg,2,0,early_stop
007-3461-200.jpg,2,0,train
007-3462-200.jpg,2,0,train
007-3463-200.jpg,2,0,train
007-3464-200.jpg,2,0,train
007-3466-200.jpg,2,0,train
007-3467-200.jpg,2,0,train
007-3468-200.jpg,2,0,train
007-3469-200.jpg,2,0,train
007-3470-200.jpg,2,0,train
007-3471-200.jpg,2,0,train
007-3472-200.jpg,2,0,train
007-3473-200.jpg,2,0,train
007-3474-200.jpg,2,0,early_stop
007-3475-200.jpg,2,0,train
007-3476-200.jpg,2,0,train
007-3477-200.jpg,2,0,early_stop
007-3478-200.jpg,2,0,train
007-3479-200.jpg,2,0,train
007-3480-200.jpg,2,0,train
007-3481-200.jpg,2,0,train
007-3482-200.jpg,2,0,train
007-3483-200.jpg,2,0,anchor
007-3484-200.jpg,2,0,train
007-3485-200.jpg,2,0,train
007-3486-200.jpg,2,0,train
007-3487-200.jpg,2,0,train
007-3490-200.jpg,2,0,early_stop
007-3491-200.jpg,2,0,early_stop
007-3492-200.jpg,2,0,early_stop
007-3494-200.jpg,2,0,train
007-3495-200.jpg,2,0,early_stop
007-3496-200.jpg,2,0,early_stop
007-3497-200.jpg,2,0,train
007-3498-200.jpg,2,0,train
007-3499-200.jpg,2,0,early_stop
007-3500-200.jpg,2,0,anchor
007-3501-200.jpg,2,0,early_stop
007-3502-200.jpg,2,0,train
007-3503-200.jpg,2,0,train
007-3504-200.jpg,2,0,anchor
007-3506-200.jpg,2,0,early_stop
007-3507-200.jpg,2,0,train
007-3508-200.jpg,2,0,early_stop
007-3509-200.jpg,2,0,train
007-3510-200.jpg,2,0,train
007-3511-200.jpg,2,0,train
007-3512-200.jpg,2,0,train
007-3513-200.jpg,2,0,train
007-3514-200.jpg,2,0,anchor
007-3515-200.jpg,2,0,early_stop
007-3517-200.jpg,2,0,train
007-3519-200.jpg,2,0,train
007-3520-200.jpg,2,0,anchor
007-3521-200.jpg,2,0,train
007-3522-200.jpg,2,0,train
007-3523-200.jpg,2,0,train
007-3524-200.jpg,2,0,anchor
007-3525-200.jpg,2,0,train
007-3526-200.jpg,2,0,train
007-3527-200.jpg,2,0,train
007-3528-200.jpg,2,0,early_stop
007-3530-200.jpg,2,0,train
007-3531-200.jpg,2,0,train
007-3532-200.jpg,2,0,train
007-3533-200.jpg,2,0,anchor
007-3534-200.jpg,2,0,early_stop
007-3535-200.jpg,2,0,anchor
007-3536-200.jpg,2,0,train
007-3537-200.jpg,2,0,train
007-3538-200.jpg,2,0,anchor
007-3539-200.jpg,2,0,train
007-3540-200.jpg,2,0,train
007-3541-200.jpg,2,0,train
007-3543-200.jpg,2,0,train
007-3544-200.jpg,2,0,train
007-3545-200.jpg,2,0,early_stop
007-3546-200.jpg,2,0,anchor
007-3547-200.jpg,2,0,early_stop
007-3549-200.jpg,2,0,anchor
007-3550-200.jpg,2,0,train
007-3551-200.jpg,2,0,early_stop
007-3552-200.jpg,2,0,train
007-3553-200.jpg,2,0,train
007-3554-200.jpg,2,0,train
007-3555-200.jpg,2,0,train
007-3556-200.jpg,2,0,train
007-3557-200.jpg,2,0,train
007-3558-200.jpg,2,0,train
007-3559-200.jpg,2,0,early_stop
007-3560-200.jpg,2,0,early_stop
007-3561-200.jpg,2,0,train
007-3564-200.jpg,2,0,early_stop
007-3565-200.jpg,2,0,train
007-3566-200.jpg,2,0,train
007-3568-200.jpg,2,0,train
007-3569-200.jpg,2,0,train
007-3570-200.jpg,2,0,train
007-3571-200.jpg,2,0,train
007-3572-200.jpg,2,0,early_stop
007-3573-200.jpg,2,0,early_stop
007-3574-200.jpg,2,0,anchor
007-3575-200.jpg,2,0,train
007-3576-200.jpg,2,0,train
007-3577-200.jpg,2,0,anchor
007-3578-200.jpg,2,0,train
007-3580-200.jpg,2,0,early_stop
007-3581-200.jpg,2,0,anchor
007-3582-200.jpg,2,0,train
007-3586-200.jpg,2,0,train
007-3587-200.jpg,2,0,train
007-3588-200.jpg,2,0,train
007-3589-200.jpg,2,0,train
007-3590-200.jpg,2,0,train
007-3591-200.jpg,2,0,train
007-3592-200.jpg,2,0,train
007-3593-200.jpg,2,0,train
007-3594-200.jpg,2,0,train
007-3595-200.jpg,2,0,train
007-3596-200.jpg,2,0,early_stop
007-3597-200.jpg,2,0,train
007-3598-200.jpg,2,0,train
007-3599-200.jpg,2,0,train
007-3600-200.jpg,2,0,early_stop
007-3601-200.jpg,2,0,train
007-3602-200.jpg,2,0,train
007-3603-200.jpg,2,0,early_stop
007-3604-200.jpg,2,0,train
007-3605-200.jpg,2,0,train
007-3606-200.jpg,2,0,train
007-3607-200.jpg,2,0,train
007-3608-200.jpg,2,0,train
007-3609-200.jpg,2,0,train
007-3610-200.jpg,2,0,train
007-3611-200.jpg,2,0,train
007-3613-200.jpg,2,0,train
007-3614-200.jpg,2,0,train
007-3615-200.jpg,2,0,train
007-3616-200.jpg,2,0,anchor
007-3617-200.jpg,2,0,anchor
007-3618-200.jpg,2,0,early_stop
007-3619-200.jpg,2,0,train
007-3620-200.jpg,2,0,train
007-3621-200.jpg,2,0,train
007-3622-200.jpg,2,0,train
007-3623-200.jpg,2,0,train
007-3624-200.jpg,2,0,anchor
007-3625-200.jpg,2,0,train
007-3626-200.jpg,2,0,train
007-3627-200.jpg,2,0,early_stop
007-3628-200.jpg,2,0,train
007-3629-200.jpg,2,0,anchor
007-3630-200.jpg,2,0,train
007-3631-200.jpg,2,0,anchor
007-3632-200.jpg,2,0,train
007-3633-200.jpg,2,0,early_stop
007-3635-200.jpg,2,0,early_stop
007-3636-200.jpg,2,0,anchor
007-3637-200.jpg,2,0,early_stop
007-3638-200.jpg,2,0,train
007-3639-200.jpg,2,0,train
007-3640-200.jpg,2,0,train
007-3641-200.jpg,2,0,train
007-3642-200.jpg,2,0,train
007-3643-200.jpg,2,0,train
007-3644-200.jpg,2,0,train
007-3645-200.jpg,2,0,train
007-3646-200.jpg,2,0,train
007-3647-200.jpg,2,0,train
007-3648-200.jpg,2,0,anchor
007-3649-200.jpg,2,0,train
007-3650-200.jpg,2,0,train
007-3651-200.jpg,2,0,train
007-3652-200.jpg,2,0,train
007-3653-200.jpg,2,0,train
007-3654-200.jpg,2,0,train
007-3655-200.jpg,2,0,train
007-3656-200.jpg,2,0,train
007-3657-200.jpg,2,0,train
007-3658-200.jpg,2,0,early_stop
007-3659-200.jpg,2,0,train
007-3660-200.jpg,2,0,train
007-3661-200.jpg,2,0,anchor
007-3662-200.jpg,2,0,train
007-3663-200.jpg,2,0,train
007-3664-200.jpg,2,0,early_stop
007-3665-200.jpg,2,0,anchor
007-3666-200.jpg,2,0,train
007-3667-200.jpg,2,0,train
007-3668-200.jpg,2,0,anchor
007-3669-200.jpg,2,0,train
007-3670-200.jpg,2,0,train
007-3671-200.jpg,2,0,anchor
007-3672-200.jpg,2,0,early_stop
007-3673-200.jpg,2,0,train
007-3674-200.jpg,2,0,train
007-3676-200.jpg,2,0,train
007-3677-200.jpg,2,0,anchor
007-3678-200.jpg,2,0,train
007-3679-200.jpg,2,0,train
007-3680-200.jpg,2,0,train
007-3681-200.jpg,2,0,train
007-3682-200.jpg,2,0,train
007-3683-200.jpg,2,0,train
007-3684-200.jpg,2,0,train
007-3685-200.jpg,2,0,anchor
007-3686-200.jpg,2,0,early_stop
007-3687-200.jpg,2,0,train
007-3688-200.jpg,2,0,train
007-3689-200.jpg,2,0,anchor
007-3690-200.jpg,2,0,train
007-3691-200.jpg,2,0,train
007-3692-200.jpg,2,0,early_stop
007-3693-200.jpg,2,0,anchor
007-3694-200.jpg,2,0,train
007-3695-200.jpg,2,0,train
007-3696-200.jpg,2,0,train
007-3697-200.jpg,2,0,train
007-3698-200.jpg,2,0,anchor
007-3699-200.jpg,2,0,train
007-3700-200.jpg,2,0,train
007-3701-200.jpg,2,0,anchor
007-3702-200.jpg,2,0,train
007-3703-200.jpg,2,0,train
007-3704-200.jpg,2,0,train
007-3706-200.jpg,2,0,early_stop
007-3708-200.jpg,2,0,train
007-3709-200.jpg,2,0,train
007-3710-200.jpg,2,0,train
007-3711-200.jpg,2,0,early_stop
007-3712-200.jpg,2,0,train
007-3713-200.jpg,2,0,train
007-3715-200.jpg,2,0,train
007-3716-200.jpg,2,0,early_stop
007-3717-200.jpg,2,0,anchor
007-3718-200.jpg,2,0,train
007-3719-200.jpg,2,0,train
007-3720-200.jpg,2,0,train
007-3721-200.jpg,2,0,train
007-3722-200.jpg,2,0,train
007-3724-200.jpg,2,0,train
007-3725-200.jpg,2,0,train
007-3726-200.jpg,2,0,early_stop
007-3727-200.jpg,2,0,train
007-3728-200.jpg,2,0,early_stop
007-3729-200.jpg,2,0,anchor
007-3730-200.jpg,2,0,train
007-3731-200.jpg,2,0,early_stop
007-3732-200.jpg,2,0,train
007-3733-200.jpg,2,0,train
007-3734-200.jpg,2,0,train
007-3735-200.jpg,2,0,train
007-3736-200.jpg,2,0,train
007-3737-200.jpg,2,0,train
007-3739-200.jpg,2,0,train
007-3740-200.jpg,2,0,anchor
007-3741-200.jpg,2,0,early_stop
007-3742-200.jpg,2,0,train
007-3743-200.jpg,2,0,early_stop
007-3744-200.jpg,2,0,train
007-3745-200.jpg,2,0,train
007-3746-200.jpg,2,0,train
007-3747-200.jpg,2,0,train
007-3748-200.jpg,2,0,train
007-3749-200.jpg,2,0,train
007-3750-200.jpg,2,0,anchor
007-3753-200.jpg,2,0,train
007-3754-200.jpg,2,0,anchor
007-3755-200.jpg,2,0,train
007-3756-200.jpg,2,0,anchor
007-3757-200.jpg,2,0,train
007-3758-200.jpg,2,0,train
007-3759-200.jpg,2,0,train
007-3760-200.jpg,2,0,anchor
007-3761-200.jpg,2,0,early_stop
007-3762-200.jpg,2,0,early_stop
007-3763-200.jpg,2,0,early_stop
007-3764-200.jpg,2,0,train
007-3765-200.jpg,2,0,train
007-3766-200.jpg,2,0,early_stop
007-3767-200.jpg,2,0,train
007-3768-200.jpg,2,0,train
007-3769-200.jpg,2,0,train
007-3770-200.jpg,2,0,train
007-3772-200.jpg,2,0,early_stop
007-3773-200.jpg,2,0,anchor
007-3774-200.jpg,2,0,train
007-3775-200.jpg,2,0,train
007-3776-200.jpg,2,0,train
007-3778-200.jpg,2,0,train
007-3779-200.jpg,2,0,early_stop
007-3780-200.jpg,2,0,train
007-3781-200.jpg,2,0,train
007-3782-200.jpg,2,0,train
007-3783-200.jpg,2,0,early_stop
007-3784-200.jpg,2,0,train
007-3785-200.jpg,2,0,train
007-3786-200.jpg,2,0,train
007-3787-200.jpg,2,0,train
007-3788-200.jpg,2,0,train
007-3789-200.jpg,2,0,train
007-3790-200.jpg,2,0,train
007-3791-200.jpg,2,0,train
007-3792-200.jpg,2,0,train
007-3793-200.jpg,2,0,early_stop
007-3794-200.jpg,2,0,early_stop
007-3795-200.jpg,2,0,train
007-3796-200.jpg,2,0,train
007-3797-200.jpg,2,0,train
007-3798-200.jpg,2,0,train
007-3799-200.jpg,2,0,train
007-3800-200.jpg,2,0,anchor
007-3801-200.jpg,2,0,anchor
007-3802-200.jpg,2,0,train
007-3803-200.jpg,2,0,anchor
007-3804-200.jpg,2,0,train
007-3805-200.jpg,2,0,train
007-3806-200.jpg,2,0,early_stop
007-3807-200.jpg,2,0,train
007-3808-200.jpg,2,0,train
007-3809-200.jpg,2,0,train
007-3810-200.jpg,2,0,train
007-3811-200.jpg,2,0,train
007-3812-200.jpg,2,0,train
007-3814-200.jpg,2,0,train
007-3815-200.jpg,2,0,early_stop
007-3816-200.jpg,2,0,train
007-3817-200.jpg,2,0,anchor
007-3818-200.jpg,2,0,train
007-3819-200.jpg,2,0,train
007-3820-200.jpg,2,0,early_stop
007-3821-200.jpg,2,0,train
007-3822-200.jpg,2,0,train
007-3823-200.jpg,2,0,early_stop
007-3824-200.jpg,2,0,train
007-3825-200.jpg,2,0,train
007-3826-200.jpg,2,0,train
007-3827-200.jpg,2,0,early_stop
007-3828-200.jpg,2,0,early_stop
007-3829-200.jpg,2,0,train
007-3830-200.jpg,2,0,train
007-3831-200.jpg,2,0,train
007-3832-200.jpg,2,0,train
007-3833-200.jpg,2,0,train
007-3834-200.jpg,2,0,train
007-3835-200.jpg,2,0,early_stop
007-3836-200.jpg,2,0,train
007-3837-200.jpg,2,0,train
007-3838-200.jpg,2,0,train
007-3839-200.jpg,2,0,train
007-3840-200.jpg,2,0,train
007-3841-200.jpg,2,0,early_stop
007-3842-200.jpg,2,0,train
007-3843-200.jpg,2,0,early_stop
007-3844-200.jpg,2,0,train
007-3845-200.jpg,2,0,train
007-3846-200.jpg,2,0,train
007-3847-200.jpg,2,0,train
007-3848-200.jpg,2,0,train
007-3849-200.jpg,2,0,train
007-3850-200.jpg,2,0,train
007-3851-200.jpg,2,0,train
007-3852-200.jpg,2,0,train
007-3853-200.jpg,2,0,train
007-3854-200.jpg,2,0,train
007-3855-200.jpg,2,0,anchor
007-3856-200.jpg,2,0,anchor
007-3857-200.jpg,2,0,train
007-3858-200.jpg,2,0,train
007-3859-200.jpg,2,0,train
007-3860-200.jpg,2,0,early_stop
007-3862-200.jpg,2,0,train
007-3863-200.jpg,2,0,train
007-3864-200.jpg,2,0,train
007-3865-200.jpg,2,0,train
007-3866-200.jpg,2,0,anchor
007-3867-200.jpg,2,0,train
007-3868-200.jpg,2,0,early_stop
007-3869-200.jpg,2,0,train
007-3870-200.jpg,2,0,anchor
007-3871-200.jpg,2,0,train
007-3872-200.jpg,2,0,train
007-3873-200.jpg,2,0,train
007-3874-200.jpg,2,0,train
007-3875-200.jpg,2,0,train
007-3876-200.jpg,2,0,train
007-3877-200.jpg,2,0,train
007-3878-200.jpg,2,0,early_stop
007-3879-200.jpg,2,0,train
007-3880-200.jpg,2,0,train
007-3881-200.jpg,2,0,train
007-3882-200.jpg,2,0,train
007-3883-200.jpg,2,0,early_stop
007-3884-200.jpg,2,0,train
007-3885-200.jpg,2,0,train
007-3886-200.jpg,2,0,train
007-3887-200.jpg,2,0,train
007-3888-200.jpg,2,0,train
007-3889-200.jpg,2,0,train
007-3890-200.jpg,2,0,train
007-3891-200.jpg,2,0,train
007-3893-200.jpg,2,0,train
007-3894-200.jpg,2,0,train
007-3895-200.jpg,2,0,train
007-3896-200.jpg,2,0,train
007-3898-200.jpg,2,0,early_stop
007-3899-200.jpg,2,0,early_stop
007-3900-200.jpg,2,0,train
007-3901-200.jpg,2,0,early_stop
007-3902-200.jpg,2,0,train
007-3903-200.jpg,2,0,train
007-3904-200.jpg,2,0,train
007-3905-200.jpg,2,0,anchor
007-3906-200.jpg,2,0,anchor
007-3907-200.jpg,2,0,train
007-3908-200.jpg,2,0,early_stop
007-3909-200.jpg,2,0,early_stop
007-3910-200.jpg,2,0,train
007-3911-200.jpg,2,0,train
007-3912-200.jpg,2,0,train
007-3913-200.jpg,2,0,train
007-3914-200.jpg,2,0,train
007-3915-200.jpg,2,0,train
007-3916-200.jpg,2,0,train
007-3917-200.jpg,2,0,train
007-3918-200.jpg,2,0,train
007-3919-200.jpg,2,0,train
007-3920-200.jpg,2,0,train
007-3921-200.jpg,2,0,train
007-3922-200.jpg,2,0,early_stop
007-3923-200.jpg,2,0,anchor
007-3924-200.jpg,2,0,train
007-3927-200.jpg,2,0,anchor
007-3928-200.jpg,2,0,early_stop
007-3929-200.jpg,2,0,train
007-3930-200.jpg,2,0,train
007-3933-200.jpg,2,0,anchor
007-3934-200.jpg,2,0,anchor
007-3935-200.jpg,2,0,train
007-3938-200.jpg,2,0,anchor
007-3939-200.jpg,2,0,train
007-3940-200.jpg,2,0,train
007-3941-200.jpg,2,0,train
007-3942-200.jpg,2,0,early_stop
007-3944-200.jpg,2,0,train
007-3947-200.jpg,2,0,train
007-3948-200.jpg,2,0,train
007-3949-200.jpg,2,0,train
007-3950-200.jpg,2,0,train
007-3951-200.jpg,2,0,train
007-3952-200.jpg,2,0,train
007-3953-200.jpg,2,0,anchor
007-3954-200.jpg,2,0,train
007-3956-200.jpg,2,0,anchor
007-3957-200.jpg,2,0,train
007-3958-200.jpg,2,0,train
007-3959-200.jpg,2,0,early_stop
007-3960-200.jpg,2,0,train
007-3961-200.jpg,2,0,train
007-3962-200.jpg,2,0,early_stop
007-3963-200.jpg,2,0,anchor
007-3964-200.jpg,2,0,train
007-3965-200.jpg,2,0,train
007-3966-200.jpg,2,0,train
007-3967-200.jpg,2,0,train
007-3968-200.jpg,2,0,early_stop
007-3969-200.jpg,2,0,train
007-3970-200.jpg,2,0,train
007-3971-200.jpg,2,0,train
007-3972-200.jpg,2,0,train
007-3973-200.jpg,2,0,anchor
007-3974-200.jpg,2,0,train
007-3975-200.jpg,2,0,train
007-3976-200.jpg,2,0,early_stop
007-3977-200.jpg,2,0,early_stop
007-3978-200.jpg,2,0,train
007-3980-200.jpg,2,0,train
007-3981-200.jpg,2,0,anchor
007-3982-200.jpg,2,0,anchor
007-3983-200.jpg,2,0,train
007-3984-200.jpg,2,0,train
007-3985-200.jpg,2,0,anchor
007-3986-200.jpg,2,0,anchor
007-3987-200.jpg,2,0,train
007-3988-200.jpg,2,0,train
007-3989-200.jpg,2,0,train
007-3990-200.jpg,2,0,anchor
007-3991-200.jpg,2,0,train
007-3992-200.jpg,2,0,train
007-3993-200.jpg,2,0,train
007-3994-200.jpg,2,0,early_stop
007-3995-200.jpg,2,0,train
007-3996-200.jpg,2,0,train
007-3997-200.jpg,2,0,train
007-3998-200.jpg,2,0,train
007-3999-200.jpg,2,0,train
007-4000-200.jpg,2,0,train
007-4001-200.jpg,2,0,train
007-4002-200.jpg,2,0,anchor
007-4003-200.jpg,2,0,early_stop
007-4004-200.jpg,2,0,train
007-4005-200.jpg,2,0,train
007-4006-200.jpg,2,0,early_stop
007-4007-200.jpg,2,0,train
007-4008-200.jpg,2,0,train
007-4009-200.jpg,2,0,train
007-4010-200.jpg,2,0,train
007-4011-200.jpg,2,0,train
007-4012-200.jpg,2,0,train
007-4013-200.jpg,2,0,train
007-4014-200.jpg,2,0,anchor
007-4015-200.jpg,2,0,train
007-4016-200.jpg,2,0,train
007-4017-200.jpg,2,0,train
007-4018-200.jpg,2,0,train
007-4019-200.jpg,2,0,early_stop
007-4020-200.jpg,2,0,early_stop
007-4023-200.jpg,2,0,train
007-4025-200.jpg,2,0,train
007-4027-200.jpg,2,0,train
007-4028-200.jpg,2,0,anchor
007-4031-200.jpg,2,0,train
007-4032-200.jpg,2,0,train
007-4033-200.jpg,2,0,train
007-4034-200.jpg,2,0,train
007-4036-200.jpg,2,0,train
007-4037-200.jpg,2,0,train
007-4038-200.jpg,2,0,train
007-4039-200.jpg,2,0,train
007-4040-200.jpg,2,0,train
007-4041-200.jpg,2,0,train
007-4042-200.jpg,2,0,early_stop
007-4043-200.jpg,2,0,train
007-4044-200.jpg,2,0,train
007-4047-200.jpg,2,0,early_stop
007-4048-200.jpg,2,0,train
007-4049-200.jpg,2,0,early_stop
007-4050-200.jpg,2,0,early_stop
007-4051-200.jpg,2,0,anchor
007-4052-200.jpg,2,0,train
007-4053-200.jpg,2,0,train
007-4054-200.jpg,2,0,train
007-4055-200.jpg,2,0,train
007-4056-200.jpg,2,0,train
007-4058-200.jpg,2,0,train
007-4059-200.jpg,2,0,early_stop
007-4060-200.jpg,2,0,train
007-4061-200.jpg,2,0,train
007-4063-200.jpg,2,0,anchor
007-4064-200.jpg,2,0,train
007-4066-200.jpg,2,0,early_stop
007-4067-200.jpg,2,0,anchor
007-4068-200.jpg,2,0,train
007-4069-200.jpg,2,0,train
007-4070-200.jpg,2,0,early_stop
007-4071-200.jpg,2,0,anchor
007-4073-200.jpg,2,0,train
007-4074-200.jpg,2,0,train
007-4075-200.jpg,2,0,train
007-4076-200.jpg,2,0,train
007-4077-200.jpg,2,0,train
007-4078-200.jpg,2,0,train
007-4079-200.jpg,2,0,train
007-4080-200.jpg,2,0,train
007-4081-200.jpg,2,0,anchor
007-4082-200.jpg,2,0,anchor
007-4083-200.jpg,2,0,early_stop
007-4084-200.jpg,2,0,train
007-4085-200.jpg,2,0,train
007-4086-200.jpg,2,0,train
007-4087-200.jpg,2,0,train
007-4088-200.jpg,2,0,train
007-4089-200.jpg,2,0,anchor
007-4090-200.jpg,2,0,train
007-4091-200.jpg,2,0,early_stop
007-4092-200.jpg,2,0,train
007-4093-200.jpg,2,0,train
007-4094-200.jpg,2,0,train
007-4095-200.jpg,2,0,train
007-4096-200.jpg,2,0,train
007-4097-200.jpg,2,0,early_stop
007-4098-200.jpg,2,0,train
007-4099-200.jpg,2,0,train
007-4100-200.jpg,2,0,train
007-4101-200.jpg,2,0,anchor
007-4102-200.jpg,2,0,train
007-4103-200.jpg,2,0,anchor
007-4104-200.jpg,2,0,train
007-4105-200.jpg,2,0,train
007-4106-200.jpg,2,0,early_stop
007-4107-200.jpg,2,0,anchor
007-4108-200.jpg,2,0,train
007-4109-200.jpg,2,0,train
007-4110-200.jpg,2,0,train
007-4111-200.jpg,2,0,train
007-4112-200.jpg,2,0,anchor
007-4113-200.jpg,2,0,anchor
007-4114-200.jpg,2,0,train
007-4115-200.jpg,2,0,train
007-4116-200.jpg,2,0,train
007-4117-200.jpg,2,0,early_stop
007-4118-200.jpg,2,0,early_stop
007-4119-200.jpg,2,0,train
007-4120-200.jpg,2,0,train
007-4121-200.jpg,2,0,anchor
007-4122-200.jpg,2,0,train
007-4124-200.jpg,2,0,train
007-4127-200.jpg,2,0,train
007-4132-200.jpg,2,0,train
007-4136-200.jpg,2,0,early_stop
007-4137-200.jpg,2,0,early_stop
007-4138-200.jpg,2,0,anchor
007-4139-200.jpg,2,0,early_stop
007-4140-200.jpg,2,0,train
007-4141-200.jpg,2,0,train
007-4142-200.jpg,2,0,train
007-4143-200.jpg,2,0,train
007-4144-200.jpg,2,0,train
007-4145-200.jpg,2,0,train
007-4146-200.jpg,2,0,train
007-4147-200.jpg,2,0,train
007-4148-200.jpg,2,0,train
007-4149-200.jpg,2,0,anchor
007-4150-200.jpg,2,0,train
007-4151-200.jpg,2,0,train
007-4152-200.jpg,2,0,early_stop
007-4153-200.jpg,2,0,train
007-4155-200.jpg,2,0,early_stop
007-4156-200.jpg,2,0,anchor
007-4157-200.jpg,2,0,anchor
007-4158-200.jpg,2,0,early_stop
007-4159-200.jpg,2,0,train
007-4160-200.jpg,2,0,train
007-4161-200.jpg,2,0,train
007-4162-200.jpg,2,0,early_stop
007-4163-200.jpg,2,0,train
007-4164-200.jpg,2,0,train
007-4165-200.jpg,2,0,train
007-4166-200.jpg,2,0,train
007-4167-200.jpg,2,0,train
007-4168-200.jpg,2,0,early_stop
007-4169-200.jpg,2,0,train
007-4170-200.jpg,2,0,early_stop
007-4171-200.jpg,2,0,train
007-4172-200.jpg,2,0,train
007-4173-200.jpg,2,0,train
007-4174-200.jpg,2,0,train
007-4175-200.jpg,2,0,train
007-4176-200.jpg,2,0,anchor
007-4177-200.jpg,2,0,anchor
007-4178-200.jpg,2,0,early_stop
007-4179-200.jpg,2,0,train
007-4181-200.jpg,2,0,train
007-4182-200.jpg,2,0,train
007-4183-200.jpg,2,0,train
007-4185-200.jpg,2,0,train
007-4186-200.jpg,2,0,train
007-4187-200.jpg,2,0,anchor
007-4188-200.jpg,2,0,train
007-4189-200.jpg,2,0,train
007-4190-200.jpg,2,0,train
007-4192-200.jpg,2,0,train
007-4193-200.jpg,2,0,train
007-4194-200.jpg,2,0,train
007-4195-200.jpg,2,0,train
007-4196-200.jpg,2,0,anchor
007-4197-200.jpg,2,0,train
007-4198-200.jpg,2,0,train
007-4199-200.jpg,2,0,early_stop
007-4200-200.jpg,2,0,train
007-4201-200.jpg,2,0,train
007-4202-200.jpg,2,0,train
007-4203-200.jpg,2,0,train
007-4205-200.jpg,2,0,anchor
007-4206-200.jpg,2,0,early_stop
007-4207-200.jpg,2,0,early_stop
007-4208-200.jpg,2,0,train
007-4209-200.jpg,2,0,train
007-4210-200.jpg,2,0,train
007-4211-200.jpg,2,0,anchor
007-4212-200.jpg,2,0,early_stop
007-4213-200.jpg,2,0,train
007-4214-200.jpg,2,0,train
007-4215-200.jpg,2,0,train
007-4217-200.jpg,2,0,train
007-4218-200.jpg,2,0,train
007-4219-200.jpg,2,0,train
007-4220-200.jpg,2,0,train
007-4221-200.jpg,2,0,train
007-4222-200.jpg,2,0,train
007-4224-200.jpg,2,0,early_stop
007-4225-200.jpg,2,0,train
007-4226-200.jpg,2,0,train
007-4227-200.jpg,2,0,early_stop
007-4228-200.jpg,2,0,train
007-4229-200.jpg,2,0,early_stop
007-4230-200.jpg,2,0,train
007-4231-200.jpg,2,0,train
007-4232-200.jpg,2,0,train
007-4233-200.jpg,2,0,early_stop
007-4234-200.jpg,2,0,train
007-4235-200.jpg,2,0,early_stop
007-4236-200.jpg,2,0,train
007-4237-200.jpg,2,0,train
007-4239-200.jpg,2,0,anchor
007-4240-200.jpg,2,0,early_stop
007-4241-200.jpg,2,0,train
007-4242-200.jpg,2,0,anchor
007-4243-200.jpg,2,0,anchor
007-4244-200.jpg,2,0,train
007-4245-200.jpg,2,0,early_stop
007-4246-200.jpg,2,0,anchor
007-4247-200.jpg,2,0,train
007-4248-200.jpg,2,0,anchor
007-4251-200.jpg,2,0,train
007-4252-200.jpg,2,0,anchor
007-4253-200.jpg,2,0,early_stop
007-4255-200.jpg,2,0,train
007-4256-200.jpg,2,0,early_stop
007-4257-200.jpg,2,0,train
007-4258-200.jpg,2,0,anchor
007-4259-200.jpg,2,0,train
007-4260-200.jpg,2,0,train
007-4261-200.jpg,2,0,early_stop
007-4262-200.jpg,2,0,train
007-4263-200.jpg,2,0,train
007-4264-200.jpg,2,0,train
007-4265-200.jpg,2,0,anchor
007-4266-200.jpg,2,0,anchor
007-4267-200.jpg,2,0,train
007-4268-200.jpg,2,0,train
007-4269-200.jpg,2,0,train
007-4270-200.jpg,2,0,train
007-4271-200.jpg,2,0,train
007-4272-200.jpg,2,0,anchor
007-4273-200.jpg,2,0,early_stop
007-4274-200.jpg,2,0,train
007-4276-200.jpg,2,0,train
007-4277-200.jpg,2,0,early_stop
007-4278-200.jpg,2,0,anchor
007-4279-200.jpg,2,0,train
007-4280-200.jpg,2,0,train
007-4281-200.jpg,2,0,train
007-4282-200.jpg,2,0,early_stop
007-4283-200.jpg,2,0,train
007-4284-200.jpg,2,0,anchor
007-4285-200.jpg,2,0,train
007-4286-200.jpg,2,0,early_stop
007-4287-200.jpg,2,0,train
007-4288-200.jpg,2,0,train
007-4289-200.jpg,2,0,train
007-4291-200.jpg,2,0,train
007-4292-200.jpg,2,0,train
007-4293-200.jpg,2,0,train
007-4294-200.jpg,2,0,train
007-4295-200.jpg,2,0,early_stop
007-4296-200.jpg,2,0,train
007-4297-200.jpg,2,0,early_stop
007-4298-200.jpg,2,0,train
007-4299-200.jpg,2,0,train
007-4300-200.jpg,2,0,train
007-4301-200.jpg,2,0,train
007-4302-200.jpg,2,0,train
007-4303-200.jpg,2,0,train
007-4304-200.jpg,2,0,train
007-4305-200.jpg,2,0,train
007-4306-200.jpg,2,0,early_stop
007-4307-200.jpg,2,0,train
007-4308-200.jpg,2,0,anchor
007-4309-200.jpg,2,0,train
007-4310-200.jpg,2,0,train
007-4311-200.jpg,2,0,early_stop
007-4312-200.jpg,2,0,early_stop
007-4313-200.jpg,2,0,anchor
007-4314-200.jpg,2,0,train
007-4315-200.jpg,2,0,train
007-4316-200.jpg,2,0,train
007-4317-200.jpg,2,0,anchor
007-4318-200.jpg,2,0,train
007-4319-200.jpg,2,0,train
007-4320-200.jpg,2,0,train
007-4321-200.jpg,2,0,train
007-4322-200.jpg,2,0,train
007-4323-200.jpg,2,0,train
007-4324-200.jpg,2,0,train
007-4325-200.jpg,2,0,anchor
007-4326-200.jpg,2,0,train
007-4327-200.jpg,2,0,train
007-4328-200.jpg,2,0,train
007-4329-200.jpg,2,0,anchor
007-4330-200.jpg,2,0,train
007-4331-200.jpg,2,0,train
007-4332-200.jpg,2,0,train
007-4333-200.jpg,2,0,train
007-4334-200.jpg,2,0,train
007-4335-200.jpg,2,0,train
007-4336-200.jpg,2,0,anchor
007-4338-200.jpg,2,0,train
007-4339-200.jpg,2,0,train
007-4340-200.jpg,2,0,early_stop
007-4341-200.jpg,2,0,train
007-4342-200.jpg,2,0,train
007-4343-200.jpg,2,0,train
007-4344-200.jpg,2,0,train
007-4345-200.jpg,2,0,train
007-4346-200.jpg,2,0,train
007-4347-200.jpg,2,0,train
007-4348-200.jpg,2,0,train
007-4349-200.jpg,2,0,anchor
007-4350-200.jpg,2,0,early_stop
007-4351-200.jpg,2,0,anchor
007-4352-200.jpg,2,0,train
007-4353-200.jpg,2,0,train
007-4354-200.jpg,2,0,anchor
007-4355-200.jpg,2,0,anchor
007-4356-200.jpg,2,0,early_stop
007-4357-200.jpg,2,0,train
007-4358-200.jpg,2,0,train
007-4360-200.jpg,2,0,train
007-4361-200.jpg,2,0,train
007-4362-200.jpg,2,0,train
007-4363-200.jpg,2,0,train
007-4364-200.jpg,2,0,anchor
007-4365-200.jpg,2,0,early_stop
007-4366-200.jpg,2,0,train
007-4367-200.jpg,2,0,train
007-4368-200.jpg,2,0,train
007-4369-200.jpg,2,0,anchor
007-4370-200.jpg,2,0,train
007-4371-200.jpg,2,0,train
007-4372-200.jpg,2,0,train
007-4373-200.jpg,2,0,train
007-4374-200.jpg,2,0,train
007-4375-200.jpg,2,0,train
007-4376-200.jpg,2,0,train
007-4377-200.jpg,2,0,train
007-4378-200.jpg,2,0,train
007-4379-200.jpg,2,0,train
007-4380-200.jpg,2,0,train
007-4383-200.jpg,2,0,early_stop
007-4384-200.jpg,2,0,anchor
007-4385-200.jpg,2,0,train
007-4386-200.jpg,2,0,train
007-4387-200.jpg,2,0,anchor
007-4388-200.jpg,2,0,early_stop
007-4389-200.jpg,2,0,train
007-4390-200.jpg,2,0,early_stop
007-4391-200.jpg,2,0,early_stop
007-4392-200.jpg,2,0,early_stop
007-4393-200.jpg,2,0,train
007-4394-200.jpg,2,0,train
007-4395-200.jpg,2,0,train
007-4396-200.jpg,2,0,train
007-4397-200.jpg,2,0,anchor
007-4398-200.jpg,2,0,train
007-4399-200.jpg,2,0,train
007-4400-200.jpg,2,0,anchor
007-4401-200.jpg,2,0,train
007-4402-200.jpg,2,0,train
007-4403-200.jpg,2,0,train
007-4404-200.jpg,2,0,early_stop
007-4406-200.jpg,2,0,train
007-4407-200.jpg,2,0,anchor
007-4408-200.jpg,2,0,anchor
007-4409-200.jpg,2,0,train
007-4410-200.jpg,2,0,train
007-4411-200.jpg,2,0,train
007-4412-200.jpg,2,0,train
007-4413-200.jpg,2,0,anchor
007-4414-200.jpg,2,0,train
007-4415-200.jpg,2,0,early_stop
007-4416-200.jpg,2,0,anchor
007-4417-200.jpg,2,0,anchor
007-4418-200.jpg,2,0,train
007-4419-200.jpg,2,0,train
007-4420-200.jpg,2,0,train
007-4421-200.jpg,2,0,train
007-4422-200.jpg,2,0,train
007-4423-200.jpg,2,0,train
007-4424-200.jpg,2,0,train
007-4425-200.jpg,2,0,train
007-4426-200.jpg,2,0,early_stop
007-4427-200.jpg,2,0,train
007-4428-200.jpg,2,0,train
007-4429-200.jpg,2,0,train
007-4430-200.jpg,2,0,train
007-4431-200.jpg,2,0,train
007-4432-200.jpg,2,0,train
007-4434-200.jpg,2,0,train
007-4435-200.jpg,2,0,train
007-4436-200.jpg,2,0,train
007-4437-200.jpg,2,0,train
007-4438-200.jpg,2,0,train
007-4439-200.jpg,2,0,anchor
007-4440-200.jpg,2,0,train
007-4441-200.jpg,2,0,train
007-4442-200.jpg,2,0,train
007-4443-200.jpg,2,0,train
007-4444-200.jpg,2,0,train
007-4445-200.jpg,2,0,anchor
007-4446-200.jpg,2,0,train
007-4447-200.jpg,2,0,early_stop
007-4449-200.jpg,2,0,early_stop
007-4452-200.jpg,2,0,anchor
007-4453-200.jpg,2,0,anchor
007-4454-200.jpg,2,0,train
007-4455-200.jpg,2,0,anchor
007-4456-200.jpg,2,0,train
007-4457-200.jpg,2,0,anchor
007-4458-200.jpg,2,0,train
007-4459-200.jpg,2,0,train
007-4460-200.jpg,2,0,train
007-4461-200.jpg,2,0,train
007-4462-200.jpg,2,0,anchor
007-4463-200.jpg,2,0,train
007-4464-200.jpg,2,0,train
007-4465-200.jpg,2,0,early_stop
007-4466-200.jpg,2,0,train
007-4467-200.jpg,2,0,train
007-4468-200.jpg,2,0,train
007-4469-200.jpg,2,0,train
007-4470-200.jpg,2,0,train
007-4471-200.jpg,2,0,train
007-4472-200.jpg,2,0,anchor
007-4473-200.jpg,2,0,train
007-4474-200.jpg,2,0,anchor
007-4475-200.jpg,2,0,train
007-4476-200.jpg,2,0,train
007-4477-200.jpg,2,0,train
007-4478-200.jpg,2,0,anchor
007-4479-200.jpg,2,0,anchor
007-4480-200.jpg,2,0,anchor
007-4481-200.jpg,2,0,train
007-4482-200.jpg,2,0,early_stop
007-4483-200.jpg,2,0,train
007-4484-200.jpg,2,0,anchor
007-4485-200.jpg,2,0,train
007-4486-200.jpg,2,0,anchor
007-4487-200.jpg,2,0,early_stop
007-4488-200.jpg,2,0,train
007-4489-200.jpg,2,0,anchor
007-4490-200.jpg,2,0,train
007-4491-200.jpg,2,0,early_stop
007-4492-200.jpg,2,0,train
007-4493-200.jpg,2,0,train
007-4494-200.jpg,2,0,early_stop
007-4495-200.jpg,2,0,early_stop
007-4496-200.jpg,2,0,train
007-4497-200.jpg,2,0,anchor
007-4498-200.jpg,2,0,train
007-4499-200.jpg,2,0,train
007-4500-200.jpg,2,0,train
007-4501-200.jpg,2,0,train
007-4502-200.jpg,2,0,anchor
007-4503-200.jpg,2,0,train
007-4504-200.jpg,2,0,train
007-4505-200.jpg,2,0,train
007-4506-200.jpg,2,0,early_stop
007-4507-200.jpg,2,0,train
007-4508-200.jpg,2,0,train
007-4509-200.jpg,2,0,train
007-4510-200.jpg,2,0,train
007-4511-200.jpg,2,0,early_stop
007-4512-200.jpg,2,0,train
007-4513-200.jpg,2,0,train
007-4514-200.jpg,2,0,train
007-4515-200.jpg,2,0,train
007-4516-200.jpg,2,0,train
007-4517-200.jpg,2,0,train
007-4518-200.jpg,2,0,train
007-4520-200.jpg,2,0,train
007-4521-200.jpg,2,0,train
007-4522-200.jpg,2,0,anchor
007-4523-200.jpg,2,0,early_stop
007-4524-200.jpg,2,0,train
007-4525-200.jpg,2,0,train
007-4526-200.jpg,2,0,early_stop
007-4527-200.jpg,2,0,anchor
007-4528-200.jpg,2,0,train
007-4529-200.jpg,2,0,train
007-4530-200.jpg,2,0,train
007-4531-200.jpg,2,0,train
007-4532-200.jpg,2,0,train
007-4533-200.jpg,2,0,early_stop
007-4534-200.jpg,2,0,train
007-4535-200.jpg,2,0,train
007-4537-200.jpg,2,0,train
007-4538-200.jpg,2,0,early_stop
007-4539-200.jpg,2,0,anchor
007-4540-200.jpg,2,0,train
007-4541-200.jpg,2,0,train
007-4542-200.jpg,2,0,train
007-4543-200.jpg,2,0,anchor
007-4544-200.jpg,2,0,train
007-4545-200.jpg,2,0,train
007-4546-200.jpg,2,0,train
007-4547-200.jpg,2,0,train
007-4548-200.jpg,2,0,anchor
007-4549-200.jpg,2,0,train
007-4550-200.jpg,2,0,anchor
007-4552-200.jpg,2,0,train
007-4553-200.jpg,2,0,train
007-4554-200.jpg,2,0,early_stop
007-4555-200.jpg,2,0,train
007-4556-200.jpg,2,0,train
007-4557-200.jpg,2,0,train
007-4558-200.jpg,2,0,early_stop
007-4559-200.jpg,2,0,train
007-4560-200.jpg,2,0,train
007-4561-200.jpg,2,0,train
007-4562-200.jpg,2,0,train
007-4565-200.jpg,2,0,train
007-4566-200.jpg,2,0,train
007-4567-200.jpg,2,0,train
007-4568-200.jpg,2,0,train
007-4569-200.jpg,2,0,train
007-4570-200.jpg,2,0,train
007-4571-200.jpg,2,0,early_stop
007-4572-200.jpg,2,0,train
007-4573-200.jpg,2,0,early_stop
007-4574-200.jpg,2,0,train
007-4575-200.jpg,2,0,train
007-4576-200.jpg,2,0,anchor
007-4577-200.jpg,2,0,train
007-4578-200.jpg,2,0,anchor
007-4579-200.jpg,2,0,early_stop
007-4580-200.jpg,2,0,anchor
007-4581-200.jpg,2,0,train
007-4582-200.jpg,2,0,train
007-4583-200.jpg,2,0,train
007-4584-200.jpg,2,0,early_stop
007-4585-200.jpg,2,0,train
007-4586-200.jpg,2,0,train
007-4587-200.jpg,2,0,early_stop
007-4588-200.jpg,2,0,train
007-4590-200.jpg,2,0,train
007-4591-200.jpg,2,0,train
007-4592-200.jpg,2,0,train
007-4593-200.jpg,2,0,train
007-4594-200.jpg,2,0,train
007-4595-200.jpg,2,0,train
007-4596-200.jpg,2,0,train
007-4597-200.jpg,2,0,train
007-4598-200.jpg,2,0,early_stop
007-4599-200.jpg,2,0,train
007-4600-200.jpg,2,0,train
007-4601-200.jpg,2,0,train
007-4602-200.jpg,2,0,train
007-4603-200.jpg,2,0,train
007-4604-200.jpg,2,0,train
007-4605-200.jpg,2,0,anchor
007-4606-200.jpg,2,0,early_stop
007-4607-200.jpg,2,0,early_stop
007-4608-200.jpg,2,0,train
007-4609-200.jpg,2,0,train
007-4610-200.jpg,2,0,early_stop
007-4611-200.jpg,2,0,train
007-4612-200.jpg,2,0,train
007-4613-200.jpg,2,0,early_stop
007-4614-200.jpg,2,0,anchor
007-4615-200.jpg,2,0,train
007-4616-200.jpg,2,0,train
007-4617-200.jpg,2,0,early_stop
007-4619-200.jpg,2,0,train
007-4620-200.jpg,2,0,anchor
007-4621-200.jpg,2,0,train
007-4622-200.jpg,2,0,train
007-4623-200.jpg,2,0,train
007-4624-200.jpg,2,0,train
007-4625-200.jpg,2,0,train
007-4626-200.jpg,2,0,train
007-4628-200.jpg,2,0,anchor
007-4629-200.jpg,2,0,train
007-4630-200.jpg,2,0,anchor
007-4631-200.jpg,2,0,train
007-4632-200.jpg,2,0,anchor
007-4633-200.jpg,2,0,train
007-4634-200.jpg,2,0,train
007-4636-200.jpg,2,0,train
007-4637-200.jpg,2,0,train
007-4638-200.jpg,2,0,train
007-4639-200.jpg,2,0,train
007-4640-200.jpg,2,0,train
007-4641-200.jpg,2,0,train
007-4642-200.jpg,2,0,train
007-4644-200.jpg,2,0,train
007-4646-200.jpg,2,0,early_stop
007-4647-200.jpg,2,0,early_stop
007-4648-200.jpg,2,0,early_stop
007-4649-200.jpg,2,0,train
007-4650-200.jpg,2,0,train
007-4651-200.jpg,2,0,train
007-4652-200.jpg,2,0,train
007-4653-200.jpg,2,0,anchor
007-4654-200.jpg,2,0,train
007-4655-200.jpg,2,0,train
007-4656-200.jpg,2,0,early_stop
007-4657-200.jpg,2,0,train
007-4658-200.jpg,2,0,train
007-4659-200.jpg,2,0,train
007-4660-200.jpg,2,0,train
007-4661-200.jpg,2,0,train
007-4662-200.jpg,2,0,train
007-4663-200.jpg,2,0,train
007-4664-200.jpg,2,0,train
007-4665-200.jpg,2,0,early_stop
007-4666-200.jpg,2,0,early_stop
007-4667-200.jpg,2,0,train
007-4668-200.jpg,2,0,early_stop
007-4669-200.jpg,2,0,train
007-4670-200.jpg,2,0,train
007-4671-200.jpg,2,0,train
007-4672-200.jpg,2,0,train
007-4673-200.jpg,2,0,train
007-4674-200.jpg,2,0,train
007-4675-200.jpg,2,0,train
007-4676-200.jpg,2,0,train
007-4677-200.jpg,2,0,train
007-4678-200.jpg,2,0,train
007-4679-200.jpg,2,0,train
007-4680-200.jpg,2,0,train
007-4681-200.jpg,2,0,train
007-4682-200.jpg,2,0,train
007-4683-200.jpg,2,0,anchor
007-4684-200.jpg,2,0,early_stop
007-4685-200.jpg,2,0,train
007-4686-200.jpg,2,0,train
007-4687-200.jpg,2,0,early_stop
007-4688-200.jpg,2,0,early_stop
007-4689-200.jpg,2,0,train
007-4690-200.jpg,2,0,train
007-4691-200.jpg,2,0,train
007-4692-200.jpg,2,0,train
007-4693-200.jpg,2,0,train
007-4694-200.jpg,2,0,train
007-4695-200.jpg,2,0,anchor
007-4696-200.jpg,2,0,train
007-4697-200.jpg,2,0,early_stop
007-4698-200.jpg,2,0,train
007-4699-200.jpg,2,0,train
007-4700-200.jpg,2,0,train
007-4701-200.jpg,2,0,train
007-4702-200.jpg,2,0,train
007-4703-200.jpg,2,0,train
007-4706-200.jpg,2,0,early_stop
007-4707-200.jpg,2,0,train
007-4708-200.jpg,2,0,train
007-4709-200.jpg,2,0,early_stop
007-4712-200.jpg,2,0,train
007-4713-200.jpg,2,0,train
007-4714-200.jpg,2,0,train
007-4715-200.jpg,2,0,early_stop
007-4716-200.jpg,2,0,train
007-4717-200.jpg,2,0,train
007-4718-200.jpg,2,0,early_stop
007-4719-200.jpg,2,0,early_stop
007-4720-200.jpg,2,0,train
007-4721-200.jpg,2,0,anchor
007-4722-200.jpg,2,0,train
007-4723-200.jpg,2,0,train
007-4724-200.jpg,2,0,anchor
007-4725-200.jpg,2,0,train
007-4726-200.jpg,2,0,anchor
007-4727-200.jpg,2,0,train
007-4728-200.jpg,2,0,train
007-4729-200.jpg,2,0,early_stop
007-4730-200.jpg,2,0,train
007-4731-200.jpg,2,0,train
007-4732-200.jpg,2,0,train
007-4733-200.jpg,2,0,anchor
007-4734-200.jpg,2,0,train
007-4735-200.jpg,2,0,train
007-4736-200.jpg,2,0,train
007-4737-200.jpg,2,0,train
007-4738-200.jpg,2,0,anchor
007-4739-200.jpg,2,0,train
007-4740-200.jpg,2,0,train
007-4741-200.jpg,2,0,train
007-4742-200.jpg,2,0,train
007-4743-200.jpg,2,0,anchor
007-4744-200.jpg,2,0,early_stop
007-4745-200.jpg,2,0,anchor
007-4746-200.jpg,2,0,train
007-4747-200.jpg,2,0,anchor
007-4748-200.jpg,2,0,early_stop
007-4749-200.jpg,2,0,anchor
007-4750-200.jpg,2,0,train
007-4751-200.jpg,2,0,train
007-4753-200.jpg,2,0,anchor
007-4754-200.jpg,2,0,anchor
007-4755-200.jpg,2,0,train
007-4757-200.jpg,2,0,early_stop
007-4759-200.jpg,2,0,anchor
007-4760-200.jpg,2,0,train
007-4761-200.jpg,2,0,train
007-4766-200.jpg,2,0,train
007-4767-200.jpg,2,0,anchor
007-4768-200.jpg,2,0,anchor
007-4769-200.jpg,2,0,anchor
007-4770-200.jpg,2,0,anchor
007-4771-200.jpg,2,0,train
007-4772-200.jpg,2,0,early_stop
007-4773-200.jpg,2,0,train
007-4774-200.jpg,2,0,train
007-4775-200.jpg,2,0,train
007-4776-200.jpg,2,0,train
007-4777-200.jpg,2,0,train
007-4778-200.jpg,2,0,early_stop
007-4779-200.jpg,2,0,anchor
007-4780-200.jpg,2,0,early_stop
007-4781-200.jpg,2,0,anchor
007-4782-200.jpg,2,0,train
007-4783-200.jpg,2,0,train
007-4784-200.jpg,2,0,train
007-4785-300.jpg,2,0,early_stop
007-4787-300.jpg,2,0,train
007-4788-300.jpg,2,0,train
007-4789-300.jpg,2,0,train
007-4790-300.jpg,2,0,train
007-4791-300.jpg,2,0,train
007-4793-300.jpg,2,0,train
007-4794-300.jpg,2,0,train
007-4795-300.jpg,2,0,early_stop
007-4796-300.jpg,2,0,train
007-4797-300.jpg,2,0,train
007-4798-300.jpg,2,0,train
007-4799-300.jpg,2,0,train
007-4800-300.jpg,2,0,train
007-4801-300.jpg,2,0,train
007-4802-300.jpg,2,0,train
007-4803-300.jpg,2,0,anchor
007-4804-300.jpg,2,0,train
007-4805-300.jpg,2,0,anchor
007-4806-300.jpg,2,0,train
007-4807-300.jpg,2,0,early_stop
007-4808-300.jpg,2,0,early_stop
007-4809-300.jpg,2,0,early_stop
007-4810-300.jpg,2,0,anchor
007-4811-300.jpg,2,0,anchor
007-4812-300.jpg,2,0,train
007-4813-300.jpg,2,0,early_stop
007-4814-300.jpg,2,0,train
007-4815-300.jpg,2,0,anchor
007-4816-300.jpg,2,0,train
007-4817-300.jpg,2,0,anchor
007-4818-300.jpg,2,0,early_stop
007-4819-300.jpg,2,0,train
007-4820-300.jpg,2,0,early_stop
007-4821-300.jpg,2,0,anchor
007-4822-300.jpg,2,0,train
007-4823-300.jpg,2,0,train
007-4824-300.jpg,2,0,train
007-4826-300.jpg,2,0,early_stop
007-4827-300.jpg,2,0,train
007-4828-300.jpg,2,0,early_stop
007-4829-300.jpg,2,0,train
007-4830-300.jpg,2,0,train
007-4832-300.jpg,2,0,early_stop
007-4833-300.jpg,2,0,train
007-4834-300.jpg,2,0,train
007-4835-300.jpg,2,0,early_stop
007-4836-300.jpg,2,0,train
007-4837-300.jpg,2,0,train
007-4838-300.jpg,2,0,train
007-4839-300.jpg,2,0,train
007-4840-300.jpg,2,0,train
007-4841-300.jpg,2,0,early_stop
007-4843-300.jpg,2,0,train
007-4845-300.jpg,2,0,early_stop
007-4848-300.jpg,2,0,train
007-4849-300.jpg,2,0,early_stop
007-4851-300.jpg,2,0,train
007-4852-300.jpg,2,0,anchor
007-4853-300.jpg,2,0,train
007-4854-300.jpg,2,0,early_stop
007-4855-300.jpg,2,0,train
007-4856-300.jpg,2,0,train
007-4857-300.jpg,2,0,train
007-4858-300.jpg,2,0,early_stop
007-4859-300.jpg,2,0,train
007-4861-300.jpg,2,0,train
007-4862-300.jpg,2,0,anchor
007-4863-300.jpg,2,0,train
007-4865-300.jpg,2,0,early_stop
007-4866-300.jpg,2,0,train
007-4867-300.jpg,2,0,train
007-4869-300.jpg,2,0,early_stop
007-4870-300.jpg,2,0,train
007-4871-300.jpg,2,0,train
007-4874-300.jpg,2,0,train
007-4875-300.jpg,2,0,train
007-4876-300.jpg,2,0,train
007-4877-300.jpg,2,0,train
007-4878-300.jpg,2,0,train
007-4879-300.jpg,2,0,train
007-4880-300.jpg,2,0,anchor
007-4881-300.jpg,2,0,train
007-4882-300.jpg,2,0,train
007-4883-300.jpg,2,0,train
007-4884-300.jpg,2,0,anchor
007-4886-300.jpg,2,0,train
007-4887-300.jpg,2,0,anchor
007-4888-300.jpg,2,0,train
007-4889-300.jpg,2,0,train
007-4890-300.jpg,2,0,train
007-4891-300.jpg,2,0,early_stop
007-4892-300.jpg,2,0,train
007-4893-300.jpg,2,0,train
007-4894-300.jpg,2,0,early_stop
007-4895-300.jpg,2,0,early_stop
007-4898-300.jpg,2,0,train
007-4899-300.jpg,2,0,anchor
007-4900-300.jpg,2,0,train
007-4901-300.jpg,2,0,train
007-4902-300.jpg,2,0,train
007-4904-300.jpg,2,0,train
007-4905-300.jpg,2,0,early_stop
007-4906-300.jpg,2,0,anchor
007-4907-300.jpg,2,0,train
007-4908-300.jpg,2,0,early_stop
007-4909-300.jpg,2,0,train
007-4910-300.jpg,2,0,train
007-4911-300.jpg,2,0,train
007-4912-300.jpg,2,0,train
007-4913-300.jpg,2,0,anchor
007-4914-300.jpg,2,0,train
007-4915-300.jpg,2,0,train
007-4916-300.jpg,2,0,anchor
007-4917-300.jpg,2,0,train
007-4918-300.jpg,2,0,train
007-4919-300.jpg,2,0,train
007-4920-300.jpg,2,0,train
007-4921-300.jpg,2,0,train
007-4922-300.jpg,2,0,anchor
007-4923-300.jpg,2,0,train
007-4924-300.jpg,2,0,early_stop
007-4925-300.jpg,2,0,anchor
007-4926-300.jpg,2,0,train
007-4927-300.jpg,2,0,early_stop
007-4928-300.jpg,2,0,train
007-4929-300.jpg,2,0,anchor
007-1723-000.jpg,3,0,train
007-2289-100.jpg,3,0,early_stop
007-2766-100.jpg,3,0,train
007-3286-200.jpg,3,0,anchor
007-3360-200.jpg,3,0,anchor
007-3371-200.jpg,3,0,anchor
007-3447-200.jpg,3,0,train
007-3450-200.jpg,3,0,train
007-3465-200.jpg,3,0,early_stop
007-3493-200.jpg,3,0,anchor
007-3518-200.jpg,3,0,early_stop
007-3529-200.jpg,3,0,anchor
007-3548-200.jpg,3,0,train
007-3567-200.jpg,3,0,train
007-3579-200.jpg,3,0,train
007-3634-200.jpg,3,0,anchor
007-3675-200.jpg,3,0,train
007-3705-200.jpg,3,0,early_stop
007-3707-200.jpg,3,0,train
007-3714-200.jpg,3,0,anchor
007-3723-200.jpg,3,0,train
007-3751-200.jpg,3,0,train
007-3752-200.jpg,3,0,train
007-3771-200.jpg,3,0,train
007-3777-200.jpg,3,0,train
007-3813-200.jpg,3,0,train
007-3892-200.jpg,3,0,train
007-3897-200.jpg,3,0,train
007-3931-200.jpg,3,0,train
007-3943-200.jpg,3,0,train
007-3945-200.jpg,3,0,train
007-3946-200.jpg,3,0,early_stop
007-4057-200.jpg,3,0,train
007-4062-200.jpg,3,0,train
007-4065-200.jpg,3,0,early_stop
007-4072-200.jpg,3,0,anchor
007-4123-200.jpg,3,0,train
007-4154-200.jpg,3,0,train
007-4184-200.jpg,3,0,anchor
007-4204-200.jpg,3,0,train
007-4216-200.jpg,3,0,train
007-4223-200.jpg,3,0,early_stop
007-4238-200.jpg,3,0,train
007-4249-200.jpg,3,0,train
007-4250-200.jpg,3,0,train
007-4254-200.jpg,3,0,train
007-4275-200.jpg,3,0,train
007-4290-200.jpg,3,0,train
007-4337-200.jpg,3,0,train
007-4359-200.jpg,3,0,train
007-4381-200.jpg,3,0,train
007-4382-200.jpg,3,0,early_stop
007-4405-200.jpg,3,0,train
007-4563-200.jpg,3,0,early_stop
007-4564-200.jpg,3,0,train
007-4645-200.jpg,3,0,train
007-4752-200.jpg,3,0,early_stop
007-4756-200.jpg,3,0,train
007-4786-300.jpg,3,0,train
007-4792-300.jpg,3,0,train
007-4825-300.jpg,3,0,train
007-4831-300.jpg,3,0,train
007-4842-300.jpg,3,0,train
007-4844-300.jpg,3,0,train
007-4846-300.jpg,3,0,anchor
007-4847-300.jpg,3,0,train
007-4850-300.jpg,3,0,train
007-4868-300.jpg,3,0,train
007-4885-300.jpg,3,0,train
007-4896-300.jpg,3,0,train
007-4897-300.jpg,3,0,anchor
007-4903-300.jpg,3,0,train
007-4963-300.jpg,3,0,train
007-4975-300.jpg,3,0,train
007-4981-300.jpg,3,0,early_stop
007-4991-300.jpg,3,0,train
007-4992-300.jpg,3,0,train
007-5021-300.jpg,3,0,train
007-5067-300.jpg,3,0,train
007-5076-300.jpg,3,0,train
007-5085-300.jpg,3,0,early_stop
007-5115-300.jpg,3,0,train
007-5116-300.jpg,3,0,train
007-5122-300.jpg,3,0,early_stop
007-5140-300.jpg,3,0,early_stop
007-5167-300.jpg,3,0,train
007-5169-300.jpg,3,0,train
007-5172-300.jpg,3,0,early_stop
007-5186-300.jpg,3,0,train
007-5200-300.jpg,3,0,train
007-5207-300.jpg,3,0,train
007-5208-300.jpg,3,0,train
007-5223-300.jpg,3,0,train
007-5259-300.jpg,3,0,train
007-5290-300.jpg,3,0,train
007-5307-300.jpg,3,0,anchor
007-5319-300.jpg,3,0,train
007-5334-300.jpg,3,0,train
007-5349-300.jpg,3,0,train
007-5350-300.jpg,3,0,anchor
007-5361-300.jpg,3,0,anchor
007-5374-300.jpg,3,0,train
007-5377-300.jpg,3,0,anchor
007-5405-300.jpg,3,0,anchor
007-5406-300.jpg,3,0,train
007-5414-300.jpg,3,0,train
007-5430-300.jpg,3,0,train
007-5438-300.jpg,3,0,train
007-5443-300.jpg,3,0,train
007-5444-300.jpg,3,0,early_stop
007-5451-300.jpg,3,0,early_stop
007-5452-300.jpg,3,0,early_stop
007-5457-300.jpg,3,0,train
007-5477-300.jpg,3,0,early_stop
007-5481-300.jpg,3,0,anchor
007-5482-300.jpg,3,0,early_stop
007-5483-300.jpg,3,0,train
007-5502-300.jpg,3,0,train
007-3122-100.jpg,4,1,anchor
007-3322-200.jpg,4,1,train
007-3488-200.jpg,4,1,early_stop
007-3489-200.jpg,4,1,anchor
007-3563-200.jpg,4,1,train
007-3955-200.jpg,4,1,train
007-3979-200.jpg,4,1,anchor
007-4433-200.jpg,4,1,train
007-4519-200.jpg,4,1,train
007-5046-300.jpg,4,1,anchor
007-5277-300.jpg,4,1,train
007-5625-300.jpg,4,1,train
007-5892-300.jpg,4,1,early_stop
007-6019-300.jpg,4,1,train
007-6284-400.jpg,4,1,train
007-6285-400.jpg,4,1,anchor
007-6286-400.jpg,4,1,train
007-6287-400.jpg,4,1,train
007-6288-400.jpg,4,1,train
007-6289-400.jpg,4,1,early_stop
007-6290-400.jpg,4,1,early_stop
007-6292-400.jpg,4,1,train
007-6293-400.jpg,4,1,train
007-6294-400.jpg,4,1,anchor
007-6295-400.jpg,4,1,train
007-6296-400.jpg,4,1,early_stop
007-6297-400.jpg,4,1,train
007-6298-400.jpg,4,1,train
007-6299-400.jpg,4,1,train
007-6300-400.jpg,4,1,early_stop
007-6301-400.jpg,4,1,train
007-6302-400.jpg,4,1,train
007-6303-400.jpg,4,1,train
007-6304-400.jpg,4,1,early_stop
007-6305-400.jpg,4,1,train
007-6306-400.jpg,4,1,anchor
007-6307-400.jpg,4,1,train
007-6308-400.jpg,4,1,early_stop
007-6309-400.jpg,4,1,train
007-6310-400.jpg,4,1,train
007-6311-400.jpg,4,1,train
007-6312-400.jpg,4,1,train
007-6313-400.jpg,4,1,anchor
007-6314-400.jpg,4,1,early_stop
007-6315-400.jpg,4,1,train
007-6316-400.jpg,4,1,train
007-6318-400.jpg,4,1,train
007-6320-400.jpg,4,1,early_stop
007-6322-400.jpg,4,1,anchor
007-6323-400.jpg,4,1,train
007-6324-400.jpg,4,1,train
007-6326-400.jpg,4,1,early_stop
007-6327-400.jpg,4,1,anchor
007-6328-400.jpg,4,1,train
007-6329-400.jpg,4,1,train
007-6330-400.jpg,4,1,train
007-6331-400.jpg,4,1,early_stop
007-6332-400.jpg,4,1,anchor
007-6333-400.jpg,4,1,train
007-6334-400.jpg,4,1,train
007-6335-400.jpg,4,1,train
007-6336-400.jpg,4,1,train
007-6337-400.jpg,4,1,train
007-6339-400.jpg,4,1,train
007-6340-400.jpg,4,1,train
007-6341-400.jpg,4,1,train
007-6342-400.jpg,4,1,train
007-6343-400.jpg,4,1,train
007-6344-400.jpg,4,1,early_stop
007-6345-400.jpg,4,1,train
007-6347-400.jpg,4,1,train
007-6348-400.jpg,4,1,train
007-6349-400.jpg,4,1,early_stop
007-6350-400.jpg,4,1,train
007-6351-400.jpg,4,1,anchor
007-6352-400.jpg,4,1,train
007-6353-400.jpg,4,1,early_stop
007-6354-400.jpg,4,1,early_stop
007-6355-400.jpg,4,1,early_stop
007-6356-400.jpg,4,1,train
007-6357-400.jpg,4,1,train
007-6358-400.jpg,4,1,train
007-6359-400.jpg,4,1,anchor
007-6360-400.jpg,4,1,train
007-6361-400.jpg,4,1,train
007-6362-400.jpg,4,1,train
007-6363-400.jpg,4,1,train
007-6364-400.jpg,4,1,anchor
007-6365-400.jpg,4,1,early_stop
007-6366-400.jpg,4,1,train
007-6367-400.jpg,4,1,train
007-6368-400.jpg,4,1,train
007-6369-400.jpg,4,1,train
007-6370-400.jpg,4,1,early_stop
007-6371-400.jpg,4,1,anchor
007-6372-400.jpg,4,1,train
007-6373-400.jpg,4,1,train
007-6374-400.jpg,4,1,train
007-6375-400.jpg,4,1,train
007-6376-400.jpg,4,1,train
007-6377-400.jpg,4,1,train
007-6378-400.jpg,4,1,train
007-6379-400.jpg,4,1,train
007-6380-400.jpg,4,1,train
007-6381-400.jpg,4,1,train
007-6382-400.jpg,4,1,train
007-6383-400.jpg,4,1,train
007-6384-400.jpg,4,1,train
007-6385-400.jpg,4,1,train
007-6387-400.jpg,4,1,train
007-6388-400.jpg,4,1,early_stop
007-6389-400.jpg,4,1,train
007-6390-400.jpg,4,1,train
007-6392-400.jpg,4,1,early_stop
007-6393-400.jpg,4,1,train
007-6394-400.jpg,4,1,train
007-6395-400.jpg,4,1,train
007-6396-400.jpg,4,1,train
007-6397-400.jpg,4,1,early_stop
007-6402-400.jpg,4,1,train
007-6403-400.jpg,4,1,train
007-6404-400.jpg,4,1,train
007-6405-400.jpg,4,1,anchor
007-6406-400.jpg,4,1,train
007-6407-400.jpg,4,1,train
007-6408-400.jpg,4,1,early_stop
007-6409-400.jpg,4,1,train
007-6411-400.jpg,4,1,train
007-6412-400.jpg,4,1,train
007-6413-400.jpg,4,1,early_stop
007-6414-400.jpg,4,1,train
007-6415-400.jpg,4,1,train
007-6416-400.jpg,4,1,train
007-6417-400.jpg,4,1,anchor
007-6418-400.jpg,4,1,anchor
007-6419-400.jpg,4,1,early_stop
007-6420-400.jpg,4,1,train
007-6421-400.jpg,4,1,train
007-6422-400.jpg,4,1,train
007-6423-400.jpg,4,1,train
007-6424-400.jpg,4,1,anchor
007-6425-400.jpg,4,1,train
007-6426-400.jpg,4,1,train
007-6427-400.jpg,4,1,early_stop
007-6428-400.jpg,4,1,train
007-6429-400.jpg,4,1,train
007-6430-400.jpg,4,1,train
007-6431-400.jpg,4,1,train
007-6432-400.jpg,4,1,anchor
007-6433-400.jpg,4,1,early_stop
007-6434-400.jpg,4,1,train
007-6435-400.jpg,4,1,anchor
007-6436-400.jpg,4,1,train
007-6437-400.jpg,4,1,train
007-6438-400.jpg,4,1,train
007-6439-400.jpg,4,1,train
007-6440-400.jpg,4,1,train
007-6441-400.jpg,4,1,train
007-6442-400.jpg,4,1,train
007-6443-400.jpg,4,1,train
007-6444-400.jpg,4,1,train
007-6445-400.jpg,4,1,train
007-6446-400.jpg,4,1,train
007-6447-400.jpg,4,1,train
007-6448-400.jpg,4,1,train
007-6449-400.jpg,4,1,anchor
007-6450-400.jpg,4,1,train
007-6451-400.jpg,4,1,train
007-6452-400.jpg,4,1,anchor
007-6454-400.jpg,4,1,early_stop
007-6455-400.jpg,4,1,anchor
007-6456-400.jpg,4,1,train
007-6457-400.jpg,4,1,anchor
007-6458-400.jpg,4,1,train
007-6459-400.jpg,4,1,early_stop
007-6460-400.jpg,4,1,train
007-6461-400.jpg,4,1,train
007-6462-400.jpg,4,1,train
007-6463-400.jpg,4,1,anchor
007-6464-400.jpg,4,1,train
007-6465-400.jpg,4,1,train
007-6466-400.jpg,4,1,early_stop
007-6467-400.jpg,4,1,train
007-6468-400.jpg,4,1,train
007-6469-400.jpg,4,1,train
007-6470-400.jpg,4,1,train
007-6471-400.jpg,4,1,train
007-6472-400.jpg,4,1,train
007-6473-400.jpg,4,1,train
007-6474-400.jpg,4,1,train
007-6475-400.jpg,4,1,train
007-6476-400.jpg,4,1,train
007-6477-400.jpg,4,1,train
007-6478-400.jpg,4,1,train
007-6479-400.jpg,4,1,train
007-6480-400.jpg,4,1,train
007-6481-400.jpg,4,1,train
007-6482-400.jpg,4,1,train
007-6483-400.jpg,4,1,anchor
007-6484-400.jpg,4,1,anchor
007-6485-400.jpg,4,1,train
007-6486-400.jpg,4,1,early_stop
007-6488-400.jpg,4,1,train
007-6489-400.jpg,4,1,early_stop
007-6490-400.jpg,4,1,early_stop
007-6491-400.jpg,4,1,train
007-6492-400.jpg,4,1,train
007-6493-400.jpg,4,1,train
007-6494-400.jpg,4,1,train
007-6495-400.jpg,4,1,anchor
007-6496-400.jpg,4,1,train
007-6497-400.jpg,4,1,train
007-6498-400.jpg,4,1,train
007-6499-400.jpg,4,1,early_stop
007-6500-400.jpg,4,1,train
007-6501-400.jpg,4,1,early_stop
007-6502-400.jpg,4,1,train
007-6503-400.jpg,4,1,train
007-6504-400.jpg,4,1,train
007-6505-400.jpg,4,1,train
007-6506-400.jpg,4,1,train
007-6507-400.jpg,4,1,train
007-6508-400.jpg,4,1,train
007-6509-400.jpg,4,1,train
007-6510-400.jpg,4,1,train
007-6511-400.jpg,4,1,anchor
007-6512-400.jpg,4,1,early_stop
007-6513-400.jpg,4,1,train
007-6514-400.jpg,4,1,train
007-6515-400.jpg,4,1,early_stop
007-6516-400.jpg,4,1,train
007-6517-400.jpg,4,1,anchor
007-6518-400.jpg,4,1,train
007-6519-400.jpg,4,1,anchor
007-6520-400.jpg,4,1,train
007-6521-400.jpg,4,1,train
007-6522-400.jpg,4,1,train
007-6523-400.jpg,4,1,train
007-6524-400.jpg,4,1,early_stop
007-6525-400.jpg,4,1,train
007-6526-400.jpg,4,1,anchor
007-6527-400.jpg,4,1,train
007-6528-400.jpg,4,1,train
007-6529-400.jpg,4,1,anchor
007-6530-400.jpg,4,1,train
007-6531-400.jpg,4,1,anchor
007-6532-400.jpg,4,1,train
007-6533-400.jpg,4,1,anchor
007-6534-400.jpg,4,1,early_stop
007-6535-400.jpg,4,1,early_stop
007-6536-400.jpg,4,1,train
007-6537-400.jpg,4,1,train
007-6538-400.jpg,4,1,train
007-6539-400.jpg,4,1,train
007-6540-400.jpg,4,1,train
007-6541-400.jpg,4,1,train
007-6542-400.jpg,4,1,train
007-6543-400.jpg,4,1,train
007-6545-400.jpg,4,1,train
007-6546-400.jpg,4,1,early_stop
007-6547-400.jpg,4,1,train
007-6548-400.jpg,4,1,train
007-6549-400.jpg,4,1,train
007-6550-400.jpg,4,1,early_stop
007-6551-400.jpg,4,1,train
007-6552-400.jpg,4,1,train
007-6553-400.jpg,4,1,train
007-6554-400.jpg,4,1,train
007-6555-400.jpg,4,1,train
007-6557-400.jpg,4,1,train
007-6558-400.jpg,4,1,early_stop
007-6559-400.jpg,4,1,anchor
007-6560-400.jpg,4,1,anchor
007-6561-400.jpg,4,1,anchor
007-6562-400.jpg,4,1,train
007-6563-400.jpg,4,1,train
007-6564-400.jpg,4,1,train
007-6565-400.jpg,4,1,train
007-6566-400.jpg,4,1,train
007-6567-400.jpg,4,1,anchor
007-6568-400.jpg,4,1,train
007-6569-400.jpg,4,1,early_stop
007-6570-400.jpg,4,1,train
007-6571-400.jpg,4,1,train
007-6572-400.jpg,4,1,early_stop
007-6573-400.jpg,4,1,anchor
007-6574-400.jpg,4,1,train
007-6575-400.jpg,4,1,train
007-6576-400.jpg,4,1,train
007-6577-400.jpg,4,1,early_stop
007-6578-400.jpg,4,1,train
007-6579-400.jpg,4,1,anchor
007-6580-400.jpg,4,1,early_stop
007-6581-400.jpg,4,1,train
007-6582-400.jpg,4,1,train
007-6583-400.jpg,4,1,train
007-6584-400.jpg,4,1,train
007-6585-400.jpg,4,1,train
007-6586-400.jpg,4,1,train
007-6587-400.jpg,4,1,train
007-6588-400.jpg,4,1,early_stop
007-6589-400.jpg,4,1,train
007-6590-400.jpg,4,1,train
007-6591-400.jpg,4,1,train
007-6592-400.jpg,4,1,train
007-6593-400.jpg,4,1,train
007-6594-400.jpg,4,1,train
007-6595-400.jpg,4,1,early_stop
007-6596-400.jpg,4,1,train
007-6597-400.jpg,4,1,train
007-6598-400.jpg,4,1,train
007-6599-400.jpg,4,1,train
007-6600-400.jpg,4,1,anchor
007-6601-400.jpg,4,1,anchor
007-6602-400.jpg,4,1,train
007-6603-400.jpg,4,1,train
007-6605-400.jpg,4,1,train
007-6606-400.jpg,4,1,anchor
007-6608-400.jpg,4,1,train
007-6609-400.jpg,4,1,anchor
007-6610-400.jpg,4,1,early_stop
007-6611-400.jpg,4,1,train
007-6612-400.jpg,4,1,train
007-6613-400.jpg,4,1,early_stop
007-6615-400.jpg,4,1,train
007-6618-400.jpg,4,1,train
007-6619-400.jpg,4,1,train
007-6620-400.jpg,4,1,anchor
007-6621-400.jpg,4,1,early_stop
007-6622-400.jpg,4,1,train
007-6623-400.jpg,4,1,train
007-6624-400.jpg,4,1,train
007-6625-400.jpg,4,1,train
007-6626-400.jpg,4,1,early_stop
007-6627-400.jpg,4,1,train
007-6628-400.jpg,4,1,train
007-6629-400.jpg,4,1,train
007-6630-400.jpg,4,1,train
007-6631-400.jpg,4,1,anchor
007-6632-400.jpg,4,1,early_stop
007-6633-400.jpg,4,1,train
007-6634-400.jpg,4,1,train
007-6635-400.jpg,4,1,train
007-6636-400.jpg,4,1,anchor
007-6637-400.jpg,4,1,train
007-6638-400.jpg,4,1,early_stop
007-6640-400.jpg,4,1,train
007-6642-400.jpg,4,1,early_stop
007-6643-400.jpg,4,1,anchor
007-6645-400.jpg,4,1,anchor
007-6648-400.jpg,4,1,train
007-6649-400.jpg,4,1,train
007-6650-400.jpg,4,1,train
007-6651-400.jpg,4,1,anchor
007-6652-400.jpg,4,1,anchor
007-6653-400.jpg,4,1,train
007-6654-400.jpg,4,1,train
007-6655-400.jpg,4,1,train
007-6656-400.jpg,4,1,train
007-6657-400.jpg,4,1,train
007-6658-400.jpg,4,1,train
007-6659-400.jpg,4,1,train
007-6660-400.jpg,4,1,train
007-6661-400.jpg,4,1,train
007-6662-400.jpg,4,1,train
007-6663-400.jpg,4,1,train
007-6664-400.jpg,4,1,early_stop
007-6665-400.jpg,4,1,train
007-6666-400.jpg,4,1,train
007-6667-400.jpg,4,1,anchor
007-6668-400.jpg,4,1,train
007-6669-400.jpg,4,1,anchor
007-6670-400.jpg,4,1,train
007-6671-400.jpg,4,1,train
007-6672-400.jpg,4,1,train
007-6673-400.jpg,4,1,train
007-6674-400.jpg,4,1,train
007-6675-400.jpg,4,1,train
007-6676-400.jpg,4,1,train
007-6677-400.jpg,4,1,anchor
007-6678-400.jpg,4,1,train
007-6679-400.jpg,4,1,train
007-6680-400.jpg,4,1,train
007-6681-400.jpg,4,1,train
007-6682-400.jpg,4,1,train
007-6683-400.jpg,4,1,train
007-6684-400.jpg,4,1,train
007-6685-400.jpg,4,1,train
007-6686-400.jpg,4,1,early_stop
007-6687-400.jpg,4,1,train
007-6688-400.jpg,4,1,train
007-6689-400.jpg,4,1,train
007-6690-400.jpg,4,1,anchor
007-6691-400.jpg,4,1,train
007-6692-400.jpg,4,1,train
007-6693-400.jpg,4,1,anchor
007-6694-400.jpg,4,1,train
007-6695-400.jpg,4,1,train
007-6696-400.jpg,4,1,train
007-6697-400.jpg,4,1,early_stop
007-6698-400.jpg,4,1,train
007-6699-400.jpg,4,1,train
007-6700-400.jpg,4,1,train
007-6701-400.jpg,4,1,train
007-6702-400.jpg,4,1,train
007-6704-400.jpg,4,1,early_stop
007-6705-400.jpg,4,1,anchor
007-6706-400.jpg,4,1,train
007-6707-400.jpg,4,1,train
007-6708-400.jpg,4,1,train
007-6709-400.jpg,4,1,anchor
007-6710-400.jpg,4,1,train
007-6711-400.jpg,4,1,train
007-6712-400.jpg,4,1,early_stop
007-6713-400.jpg,4,1,train
007-6714-400.jpg,4,1,train
007-6715-400.jpg,4,1,anchor
007-6716-400.jpg,4,1,train
007-6717-400.jpg,4,1,early_stop
007-6718-400.jpg,4,1,train
007-6719-400.jpg,4,1,train
007-6720-400.jpg,4,1,early_stop
007-6721-400.jpg,4,1,train
007-6722-400.jpg,4,1,early_stop
007-6723-400.jpg,4,1,anchor
007-6724-400.jpg,4,1,train
007-6725-400.jpg,4,1,anchor
007-6734-400.jpg,4,1,anchor
007-6735-400.jpg,4,1,train
007-6736-400.jpg,4,1,train
007-6737-400.jpg,4,1,anchor
007-6740-400.jpg,4,1,early_stop
007-6741-400.jpg,4,1,anchor
007-6742-400.jpg,4,1,anchor
007-6743-400.jpg,4,1,train
007-6745-400.jpg,4,1,early_stop
007-6746-400.jpg,4,1,train
007-6747-400.jpg,4,1,early_stop
007-6748-400.jpg,4,1,train
007-6749-400.jpg,4,1,anchor
007-6750-400.jpg,4,1,train
007-6751-400.jpg,4,1,train
007-6752-400.jpg,4,1,train
007-6753-400.jpg,4,1,train
007-6754-400.jpg,4,1,train
007-6755-400.jpg,4,1,train
007-6756-400.jpg,4,1,early_stop
007-6757-400.jpg,4,1,train
007-6758-400.jpg,4,1,train
007-6759-400.jpg,4,1,train
007-6760-400.jpg,4,1,train
007-6761-400.jpg,4,1,anchor
007-6762-400.jpg,4,1,train
007-6763-400.jpg,4,1,train
007-6764-400.jpg,4,1,train
007-6765-400.jpg,4,1,train
